title,url,copyright,desc
天空之岛,https://cn.bing.com/th?id=OHR.StorrRocks_ZH-CN4956679462_1920x1080.jpg&rf=LaDigue_1920x1080.jpg&qlt=50,© Aliaume Chapelle/Tandem Stills + Motion,今天照片展示的是斯托尔山的老人峰，这座巨大的石峰耸立在英国最长的连续山体滑坡区之上。岛上有许多怪异而奇妙的岩石，都是由远古一次大滑坡形成的。
The butterfly effect,https://www.bing.com/th?id=OHR.ButterflyEffect_EN-US4238684091_1920x1080.jpg&rf=LaDigue_1920x1080.jpg&qlt=50,© Misja Smits/Minden Pictures,A pair of silver-studded blue butterflies
This snow will never melt,https://www.bing.com/th?id=OHR.ChalkRock_EN-US3353441410_1920x1080.jpg&rf=LaDigue_1920x1080.jpg&qlt=50,© Anton Petrus/Getty Images,Rock formations in the White Desert Egypt
Happy New Year's Eve from Down Under,https://www.bing.com/th?id=OHR.SydneyNYE_EN-US3807524923_1920x1080.jpg&rf=LaDigue_1920x1080.jpg&qlt=50,© Wendell Teodoro/Getty Images,New Year's Eve fireworks， Sydney Harbour Bridge， Australia
在北极附近打盹,https://www.bing.com/th?id=OHR.NorwayNYD_ZH-CN7856439066_1920x1080.jpg&rf=LaDigue_1920x1080.jpg&qlt=50,© Dennis Stogsdill/Getty Images,北极熊斯瓦尔巴群岛，挪威
正如童话一般,https://www.bing.com/th?id=OHR.HohenzollernBurg_ZH-CN8109082566_1920x1080.jpg&rf=LaDigue_1920x1080.jpg&qlt=50,© Sahara Prince/Shutterstock,霍亨索伦城堡，德国
谁在打盹儿？,https://www.bing.com/th?id=OHR.SandhillSleeping_ZH-CN8483997851_1920x1080.jpg&rf=LaDigue_1920x1080.jpg&qlt=50,© Jay Goodrich/Tandem Stills + Motion,博斯克·德尔·阿帕奇国家野生动物保护区的沙丘鹤，美国新墨西哥州
如此接近，却又如此遥远,https://www.bing.com/th?id=OHR.Perihelion_ZH-CN8681537155_1920x1080.jpg&rf=LaDigue_1920x1080.jpg&qlt=50,© JSC/NASA,从国际空间站看到的地球
软萌雪中小精灵,https://www.bing.com/th?id=OHR.HermelinSchnee_ZH-CN8839783506_1920x1080.jpg&rf=LaDigue_1920x1080.jpg&qlt=50,© Konrad Wothe/Minden Pictures,白鼬 (Mustela erminea)， 上巴伐利亚，德国
“群山拥有抚慰和治愈的力量”,https://www.bing.com/th?id=OHR.BlackFell_ZH-CN9224189688_1920x1080.jpg&rf=LaDigue_1920x1080.jpg&qlt=50,© Daniel Kay/Shutterstock,英格兰湖区的Black Fell
纺纱杆到底是什么东西？,https://www.bing.com/th?id=OHR.Mohair_ZH-CN9435762268_1920x1080.jpg&rf=LaDigue_1920x1080.jpg&qlt=50,© Jurate Buiviene/Alamy,羊毛和马海毛纱线
我们去哪里玩？,https://www.bing.com/th?id=OHR.Breckenridge_ZH-CN9598860382_1920x1080.jpg&rf=LaDigue_1920x1080.jpg&qlt=50,© Sean Pavone/Shutterstock,科罗拉多州布雷肯里奇
神奇水牛在哪里？,https://www.bing.com/th?id=OHR.BisonWindCave_ZH-CN9778045938_1920x1080.jpg&rf=LaDigue_1920x1080.jpg&qlt=50,© Charlie Summers/Minden Pictures,南达科他州风洞国家公园的水牛
当冰块变成了艺术,https://www.bing.com/th?id=OHR.HummockIce_ZH-CN9917832145_1920x1080.jpg&rf=LaDigue_1920x1080.jpg&qlt=50,© Sven Zacek/Minden Pictures,爱沙尼亚佩普斯湖上的小冰丘
到灯塔去！,https://www.bing.com/th?id=OHR.GodrevyRocks_ZH-CN0051118926_1920x1080.jpg&rf=LaDigue_1920x1080.jpg&qlt=50,© Paul Nash/Shutterstock,戈德雷维灯塔，英国康沃尔郡
两大洲交接的地方,https://www.bing.com/th?id=OHR.RumeliHisari_ZH-CN0185820275_1920x1080.jpg&rf=LaDigue_1920x1080.jpg&qlt=50,© Drone in Wonderland/Amazing Aerial Agency,博斯普鲁斯海峡的如梅利堡垒，土耳其伊斯坦布尔
海中的红杉,https://www.bing.com/th?id=OHR.Pneumatocysts_ZH-CN5721988566_1920x1080.jpg&rf=LaDigue_1920x1080.jpg,© Brandon Cole Images/Shutterstock,海峡群岛国家公园的巨藻，美国加利福尼亚州
快乐小毛驴,https://www.bing.com/th?id=OHR.DonkeyFeast_ZH-CN5880627132_1920x1080.jpg&rf=LaDigue_1920x1080.jpg&qlt=50,© Juniors Bildarchiv GmbH/Alamy,吃樱桃树枝的毛驴
冰雪皑皑的芬兰,https://www.bing.com/th?id=OHR.Turku_ZH-CN6008877545_1920x1080.jpg&rf=LaDigue_1920x1080.jpg&qlt=50,© Jarmo Piironen/Alamy,横贯图尔库的奥拉河， 芬兰
美丽又危险,https://www.bing.com/th?id=OHR.FrozenBubblesAlberta_ZH-CN6154214678_1920x1080.jpg&rf=LaDigue_1920x1080.jpg&qlt=50,© Tom Mackie/plainpicture,麦切纳山和结冰的亚伯拉罕湖，加拿大艾伯塔省
树木之美,https://www.bing.com/th?id=OHR.SessileOaks_ZH-CN6385464274_1920x1080.jpg&rf=LaDigue_1920x1080.jpg&qlt=50,© Andres M. Dominguez/Minden Pictures,穆涅略斯自然保护区，西班牙
世界最大的石膏沙漠,https://www.bing.com/th?id=OHR.WhiteSands_ZH-CN6500188005_1920x1080.jpg&rf=LaDigue_1920x1080.jpg&qlt=50,© Andrea Harrell/Tandem Stills + Motion,白沙国家公园，美国新墨西哥州
圣丹斯上空的云彩,https://www.bing.com/th?id=OHR.SFFParkCity_ZH-CN6707019061_1920x1080.jpg&rf=LaDigue_1920x1080.jpg&qlt=50,© Kruck20/Getty Images,帕克城， 美国犹他州
“兄弟们，跟我走”,https://www.bing.com/th?id=OHR.FalklandKings_ZH-CN6891102487_1920x1080.jpg&rf=LaDigue_1920x1080.jpg&qlt=50,© Elmar Weiss/Getty Images,王企鹅，福克兰群岛
爆竹声中一岁除,https://www.bing.com/th?id=OHR.ChineseNewYearEve2023_ZH-CN7188893388_1920x1080.jpg&rf=LaDigue_1920x1080.jpg&qlt=50,© Toa55/Getty Images,除夕夜的中国新年灯笼
春节快乐，兔年大吉！,https://www.bing.com/th?id=OHR.ChineseSpringFestival2023_ZH-CN7281854882_1920x1080.jpg&rf=LaDigue_1920x1080.jpg&qlt=50,© David Ng+EyeEm/Getty Images,春节的桃花和红灯笼
摩艾石像,https://www.bing.com/th?id=OHR.SunriseMoai_ZH-CN7413178404_1920x1080.jpg&rf=LaDigue_1920x1080.jpg&qlt=50,© Karine Aigner/Tandem Stills + Motion,复活节岛上的摩艾石像，智利
明信片和雪花球的取景地,https://www.bing.com/th?id=OHR.ColleSantaLucia_ZH-CN7638164714_1920x1080.jpg&rf=LaDigue_1920x1080.jpg,© mauritius images GmbH/Alamy,多洛米蒂山谷中的科莱圣卢恰小镇，意大利
谁写下了友谊天长地久？,https://www.bing.com/th?id=OHR.BirksofAberfeldy_ZH-CN7810226692_1920x1080.jpg&rf=LaDigue_1920x1080.jpg&qlt=50,© Dennis Barnes/Getty Images,位于阿伯费尔迪桦树林中的罗伯特·彭斯雕像， 苏格兰
通往天门的阶梯,https://www.bing.com/th?id=OHR.HighArchChina_ZH-CN8170154553_1920x1080.jpg&rf=LaDigue_1920x1080.jpg&qlt=50,© Shane P. White/Minden Pictures,天门洞，湖南天门山国家森林公园，中国
向伟大的红树林致敬！,https://www.bing.com/th?id=OHR.RedMangrove_ZH-CN4083989028_1920x1080.jpg&rf=LaDigue_1920x1080.jpg&qlt=50,© Claudio Contreras/Minden Pictures,瓜纳阿卡维韦斯半岛国家公园的红树林，古巴
像极了艺术画作的真实照片,https://www.bing.com/th?id=OHR.BlueBahamas_ZH-CN2083290847_1920x1080.jpg&rf=LaDigue_1920x1080.jpg&qlt=50,© NASA,从国际空间站看到的巴哈马周围的蓝绿色水域
为什么乌鸫与冬天联系紧密？,https://www.bing.com/th?id=OHR.BlackbirdDay_ZH-CN2291101162_1920x1080.jpg&rf=LaDigue_1920x1080.jpg&qlt=50,© Bill Coster/Alamy Stock Photo,埃塞克斯的乌鸫，英国
一条安静的林间小路,https://www.bing.com/th?id=OHR.NagarholeNationalPark_ZH-CN2550578922_1920x1080.jpg&rf=LaDigue_1920x1080.jpg&qlt=50,© Vivek BR/Shutterstock,卡纳塔克邦的纳加尔霍雷国家公园，印度
斑马快活的一天,https://www.bing.com/th?id=OHR.ZebraTrio_ZH-CN5902552401_1920x1080.jpg&rf=LaDigue_1920x1080.jpg&qlt=50,© Richard Du Toit/Minden Pictures,南非自然保护区的斑马
日出时分的古老城堡,https://www.bing.com/th?id=OHR.SunriseCastle_ZH-CN6235928386_1920x1080.jpg&rf=LaDigue_1920x1080.jpg&qlt=50,© Hemis/Alamy,皮埃尔丰城堡，皮卡第大区，法国
春天来了,https://www.bing.com/th?id=OHR.GroundhogThree_ZH-CN6720558481_1920x1080.jpg&rf=LaDigue_1920x1080.jpg&qlt=50,© Michaela Walch/Alamy,高地陶恩国家公园内的高山土拨鼠，奥地利
冬天的乐趣,https://www.bing.com/th?id=OHR.QuebecFrontenac_ZH-CN9519096458_1920x1080.jpg&rf=LaDigue_1920x1080.jpg&qlt=50,© Romiana Lee/Shutterstock,费尔蒙芳堤娜城堡酒店，魁北克省，加拿大
早春的气息,https://www.bing.com/th?id=OHR.Lichun2023_ZH-CN7842399047_1920x1080.jpg&rf=LaDigue_1920x1080.jpg&qlt=50,© SEN LI/Getty Images,永福樱花园，福建省龙岩市， 中国
兔年元宵节快乐！,https://www.bing.com/th?id=OHR.YearRabbit_ZH-CN2751166096_1920x1080.jpg&rf=LaDigue_1920x1080.jpg&qlt=50,© Ben Hall/Minden Pictures,毛茸茸又可爱的山兔
峡湾国家公园,https://www.bing.com/th?id=OHR.WaitangiFjordlandNP_ZH-CN9436140228_1920x1080.jpg&rf=LaDigue_1920x1080.jpg&qlt=50,© WitR/Adobe Stock,峡湾国家公园，新西兰南岛
历史悠久的山顶村庄,https://www.bing.com/th?id=OHR.MedievalLabro_ZH-CN0015356188_1920x1080.jpg&rf=LaDigue_1920x1080.jpg&qlt=50,© Marco Ilari/Shutterstock,拉布罗小镇，列蒂省，意大利
湖滨城堡,https://www.bing.com/th?id=OHR.EileanDonanDawn_ZH-CN0383017858_1920x1080.jpg&rf=LaDigue_1920x1080.jpg&qlt=50,© VisualCommunications/Getty Images,艾琳多南堡，苏格兰高地
这些美丽的岩石波浪是什么？,https://www.bing.com/th?id=OHR.LowerAntelopeAZ_ZH-CN4758496750_1920x1080.jpg&rf=LaDigue_1920x1080.jpg&qlt=50,© AZCat/Getty Images,下羚羊峡谷，亚利桑那州，美国
声学杰作,https://www.bing.com/th?id=OHR.EpidaurusGreece_ZH-CN0640135476_1920x1080.jpg&rf=LaDigue_1920x1080.jpg&qlt=50,© George Pachantouris/Getty Images,埃庇道鲁斯剧场， 希腊阿尔戈利斯省
布满星星的天空,https://www.bing.com/th?id=OHR.DarkSkiesDV_ZH-CN1076500221_1920x1080.jpg&rf=LaDigue_1920x1080.jpg&qlt=50,© Matt Anderson Photography/Getty Images,死亡谷扎布里斯基角上空的银河，美国加利福尼亚州
平稳着陆，双脚先行,https://www.bing.com/th?id=OHR.BoobyDarwinDay_ZH-CN9917306809_1920x1080.jpg&rf=LaDigue_1920x1080.jpg&qlt=50,© Tui De Roy/Minden Pictures,一对蓝脚鲣鸟，加拉帕戈斯群岛，厄瓜多尔
带我飞向月球,https://www.bing.com/th?id=OHR.MoonValley_ZH-CN1906470869_1920x1080.jpg&rf=LaDigue_1920x1080.jpg&qlt=50,© Ignacio Palacios/Getty Images,阿卡切斯瞭望台，月亮谷，智利
雪中之恋,https://www.bing.com/th?id=OHR.OtaruIgloo_ZH-CN2078929256_1920x1080.jpg&rf=LaDigue_1920x1080.jpg&qlt=50,© T Photography/Shutterstock,日本北海道小樽雪灯之路的冰屋
世界河马日，隆重的庆典,https://www.bing.com/th?id=OHR.HippoDayChobe_ZH-CN2883647954_1920x1080.jpg&rf=LaDigue_1920x1080.jpg&qlt=50,© jacobeukman/Getty Images,河马妈妈和宝宝，乔贝国家公园，博茨瓦纳
这个悬崖怎么着火了？,https://www.bing.com/th?id=OHR.FireFallYosemite_ZH-CN3351604820_1920x1080.jpg&rf=LaDigue_1920x1080.jpg&qlt=50,© Jeff Lewis/Tandem Stills + Motion,“火流”马尾瀑布，约塞米蒂国家公园，美国加利福尼亚州
“后院鸟类统计”活动开始了！,https://www.bing.com/th?id=OHR.BirdcountAllen_ZH-CN4029022734_1920x1080.jpg&rf=LaDigue_1920x1080.jpg&qlt=50,© GypsyPictureShow/Shutterstock,栖息在红袋鼠爪枝干上的艾氏煌蜂鸟
令人叹为观止的冰洞,https://www.bing.com/th?id=OHR.EbenIceCave_ZH-CN6035107581_1920x1080.jpg&rf=LaDigue_1920x1080.jpg&qlt=50,© Dean Pennala/Shutterstock,埃本冰洞，密歇根上半岛，美国
海洋之王,https://www.bing.com/th?id=OHR.MauiWhale_ZH-CN6664793962_1920x1080.jpg&rf=LaDigue_1920x1080.jpg&qlt=50,© Flip Nicklin/Minden Pictures,毛伊岛附近的座头鲸，美国夏威夷
在大自然中漫步,https://www.bing.com/th?id=OHR.Itaimbezinho_ZH-CN5641449623_1920x1080.jpg&rf=LaDigue_1920x1080.jpg&qlt=50,© NidoHuebl/Getty Images,Itaimbezinho峡谷，巴西
带上国王饼,https://www.bing.com/th?id=OHR.MardiGrasNOLA_ZH-CN9628788934_1920x1080.jpg&rf=LaDigue_1920x1080.jpg&qlt=50,© f11photo/Getty Images,新奥尔良法语区，路易斯安那州
和平之钟,https://www.bing.com/th?id=OHR.FriedensglockeFichtelberg_ZH-CN5510489151_1920x1080.jpg&rf=LaDigue_1920x1080.jpg&qlt=50,© Jan Drahokoupil/Getty Images,菲希特尔山脉上的和平钟，萨克森州，德国
宁静的山谷,https://www.bing.com/th?id=OHR.BabblingBrook_ZH-CN9371346787_1920x1080.jpg&rf=LaDigue_1920x1080.jpg&qlt=50,© Matthew Williams Ellis/Plainpicture,克罗索尔山谷，斯诺多尼亚国家公园，英国威尔士
一只华丽招摇的鸳鸯,https://www.bing.com/th?id=OHR.RichmondParkDuck_ZH-CN4956127005_1920x1080.jpg&rf=LaDigue_1920x1080.jpg&qlt=50,© Oscar Dewhurst/Minden Pictures,里士满公园的鸳鸯，伦敦，英国
冬天的布莱斯峡谷石林,https://www.bing.com/th?id=OHR.BryceAnniv_ZH-CN5305245786_1920x1080.jpg&rf=LaDigue_1920x1080.jpg&qlt=50,© Piriya Photography/Getty Images,布莱斯峡谷国家公园的石林，犹他州，美国
随着亚马孙的树冠摇摆,https://www.bing.com/th?id=OHR.CanopyPeru_ZH-CN5659581553_1920x1080.jpg&rf=LaDigue_1920x1080.jpg&qlt=50,© Pere Rubi/Getty Images,亚马孙雨林的树冠探险，秘鲁
冰冷的北极，温暖的拥抱,https://www.bing.com/th?id=OHR.PolarBearFrost_ZH-CN5918160947_1920x1080.jpg&rf=LaDigue_1920x1080.jpg&qlt=50,© David Pike/Minden Pictures,北极熊在加拿大沉睡
一张来自意大利的明信片,https://www.bing.com/th?id=OHR.AtraniAmalfi_ZH-CN6391731688_1920x1080.jpg&rf=LaDigue_1920x1080.jpg&qlt=50,© Amazing Aerial/Shutterstock,阿特拉尼，阿马尔菲海岸，意大利
纪念硬币上的著名建筑,https://www.bing.com/th?id=OHR.LuebeckCityGate_ZH-CN4618826141_1920x1080.jpg&rf=LaDigue_1920x1080.jpg&qlt=50,© Harald Nachtmann/Getty Images,吕贝克的霍尔斯滕门，德国
大自然的画作,https://www.bing.com/th?id=OHR.NegratinSpain_ZH-CN5916944876_1920x1080.jpg&rf=LaDigue_1920x1080.jpg&qlt=50,© Andres Martinez Olmedo/Getty Images,内格拉廷湖，格拉纳达，西班牙
这些捕食者在做什么？,https://www.bing.com/th?id=OHR.OrcaNorway_ZH-CN6101327628_1920x1080.jpg&rf=LaDigue_1920x1080.jpg&qlt=50,© Alex Mustard/Minden Pictures,斯皮尔德拉的虎鲸，挪威
人迹罕至的一条路,https://th.bing.com/th?id=OHR.PicoVolcano_ZH-CN6865997792_1920x1080.jpg&rf=LaDigue_1920x1080.jpg&qlt=50,© Marco Bottigelli/Getty Images,通往皮库山的道路，葡萄牙
来自妈妈的拥抱和爱,https://th.bing.com/th?id=OHR.HuggingKanga_ZH-CN1045131695_1920x1080.jpg&rf=LaDigue_1920x1080.jpg&qlt=50,© Belle Ciezak/Shutterstock,袋鼠妈妈和宝宝
这些独特的生物是什么?,https://www.bing.com/th?id=OHR.IcelandHorses_ZH-CN7213041152_1920x1080.jpg&rf=LaDigue_1920x1080.jpg&qlt=50,© Rodrigo Lourezini/Shutterstock,站在自己领域的冰岛马，冰岛
彩虹般的风景,https://www.bing.com/th?id=OHR.YuanyangChina_ZH-CN7360249295_1920x1080.jpg&rf=LaDigue_1920x1080.jpg&qlt=50,© AlexGcs/Getty Images,梯田鸟瞰图，元阳，中国
守候浪漫的极光,https://www.bing.com/th?id=OHR.WhitehorseAurora_ZH-CN0978404088_1920x1080.jpg&rf=LaDigue_1920x1080.jpg&qlt=50,© John Hyde/plainpicture/Design Pics,极光展示，怀特霍斯，育空地区，加拿大
雨后见彩虹,https://www.bing.com/th?id=OHR.WaimeaRainbow_ZH-CN1127225170_1920x1080.jpg&rf=LaDigue_1920x1080.jpg&qlt=50,© Beverley Van Praagh/Getty Images,威美亚峡谷和怀波奥瀑布上空的彩虹，考艾岛，夏威夷，美国
巨人的谜题,https://www.bing.com/th?id=OHR.EdaleValley_ZH-CN8464524952_1920x1080.jpg&rf=LaDigue_1920x1080.jpg&qlt=50,© John Finney/Getty Images,埃代尔，峰区，英国
像一张油画,https://www.bing.com/th?id=OHR.LongWharf_ZH-CN8793669955_1920x1080.jpg&rf=LaDigue_1920x1080.jpg&qlt=50,© Thomas H. Mitchell/Getty Images,马萨诸塞州格洛斯特的沼泽地
波浪板起伏的绿丘,https://www.bing.com/th?id=OHR.SouthDownsSheep_ZH-CN8986424729_1920x1080.jpg&rf=LaDigue_1920x1080.jpg&qlt=50,© Slawek Staszczuk/Alamy,南唐斯国家公园的绵羊，东萨塞克斯郡，英国
午睡消除烦恼,https://www.bing.com/th?id=OHR.LionessesNap_ZH-CN9240393299_1920x1080.jpg&rf=LaDigue_1920x1080.jpg&qlt=50,© Cavan Images/Shutterstock,正在睡觉的母狮， 塞伦盖蒂国家公园，坦桑利亚
美丽的曲径迷宫,https://www.bing.com/th?id=OHR.CyprusMaze_ZH-CN9448060895_1920x1080.jpg&rf=LaDigue_1920x1080.jpg&qlt=50,© Tpopova/Getty Images,阿伊纳帕植物园灌木丛迷宫，塞浦路斯
如此美景在何处？,https://www.bing.com/th?id=OHR.AgueroSpain_ZH-CN9622864502_1920x1080.jpg&rf=LaDigue_1920x1080.jpg&qlt=50,© Andrea Comi/Getty Images,阿圭罗村庄，西班牙
用脸比心,https://www.bing.com/th?id=OHR.BarnOwlWinter_ZH-CN5484796826_1920x1080.jpg&rf=LaDigue_1920x1080.jpg&qlt=50,© Ondrej Prosicky/Getty Images,仓鸮，英格兰
春天的色彩,https://www.bing.com/th?id=OHR.PurpleCrocus_ZH-CN0891528297_1920x1080.jpg&rf=LaDigue_1920x1080.jpg&qlt=50,© Raimund Linke/Getty Images,紫番红花
你最喜欢什么颜色？,https://www.bing.com/th?id=OHR.ColourDay_ZH-CN1032554089_1920x1080.jpg&rf=LaDigue_1920x1080.jpg&qlt=50,© Stephen Shepherd/Plainpicture,彩色粉笔
蜿蜒曲折的人工湖泊，鲍威尔湖,https://www.bing.com/th?id=OHR.LakePowellAerial_ZH-CN1427611965_1920x1080.jpg&rf=LaDigue_1920x1080.jpg&qlt=50,© Peter Schaefer/Alamy,鲍威尔湖，美国
惊人的自然奇观,https://www.bing.com/th?id=OHR.ChavarocheWinter_ZH-CN1842519491_1920x1080.jpg&rf=LaDigue_1920x1080.jpg&qlt=50,© Jean-Philippe Delobelle/Biosphoto/Alamy,杜费里峡谷，上萨瓦省，法国
你见过大蒜开花吗？,https://www.bing.com/th?id=OHR.WildGarlic_ZH-CN1869796625_1920x1080.jpg&rf=LaDigue_1920x1080.jpg&qlt=50,© Frank Sommariva/Getty Images,盛开的野蒜，海尼希国家公园，德国
通往天堂的楼梯？,https://www.bing.com/th?id=OHR.CecilBrewerStaircase_ZH-CN2117182176_1920x1080.jpg&rf=LaDigue_1920x1080.jpg&qlt=50,© Yiran An/Getty Images,塞西尔布鲁尔楼梯，伦敦，英国
大自然最为色彩鲜艳的一面,https://www.bing.com/th?id=OHR.WildAnza_ZH-CN2384861750_1920x1080.jpg&rf=LaDigue_1920x1080.jpg&qlt=50,© Ron and Patty Thomas/Getty Images,安沙波利哥沙漠州立公园的野花，加利福尼亚州，美国
云雾缭绕的纽约市,https://www.bing.com/th?id=OHR.NYCClouds_ZH-CN2585785154_1920x1080.jpg&rf=LaDigue_1920x1080.jpg&qlt=50,© Orbon Alija/Getty Images,云层中的纽约市天际线
这些蔚为壮观的山峰在何处？,https://www.bing.com/th?id=OHR.MWDolomites_ZH-CN2886991396_1920x1080.jpg&rf=LaDigue_1920x1080.jpg&qlt=50,© Juan Romero/Cavan Images,意大利三峰山上空的银河
世界海牛日,https://www.bing.com/th?id=OHR.NuzzleManatee_ZH-CN3263788190_1920x1080.jpg&rf=LaDigue_1920x1080.jpg&qlt=50,© Gregory Sweeney/Getty Images,两只海牛，佛罗里达州的水晶河，美国
华贵的色彩,https://www.bing.com/th?id=OHR.PeacockFeathers_ZH-CN3403145691_1920x1080.jpg&rf=LaDigue_1920x1080.jpg&qlt=50,© sarayut Thaneerat/Getty Images,孔雀羽毛
大自然的蓝色奇观,https://www.bing.com/th?id=OHR.SteyrRiver_ZH-CN3175702026_1920x1080.jpg&rf=LaDigue_1920x1080.jpg&qlt=50,© guenterguni/Getty Images,斯太尔河， 奥地利
一只青翠碧绿的蛙,https://www.bing.com/th?id=OHR.FrogMonth_ZH-CN3874143397_1920x1080.jpg&rf=LaDigue_1920x1080.jpg&qlt=50,© kuritafsheen/Getty Images,爪哇树蛙
这座缥缈的山在哪里？,https://www.bing.com/th?id=OHR.JavaBromo_ZH-CN2744043733_1920x1080.jpg&rf=LaDigue_1920x1080.jpg&cacheVal=1680387831245&qlt=50,© Bento Fotography/Getty Images,爪哇岛东部的婆罗摩火山，印度尼西亚
追逐彩虹,https://www.bing.com/th?id=OHR.HonaunauNP_ZH-CN4491662962_1920x1080.jpg&rf=LaDigue_1920x1080.jpg&qlt=50,© Westend61/Getty Images,大岛上的霍瑙瑙国家历史公园，夏威夷
这座古桥在哪呢？,https://www.bing.com/th?id=OHR.RomanBridge_ZH-CN4699931052_1920x1080.jpg&rf=LaDigue_1920x1080.jpg&qlt=50,© Jeremy Woodhouse/Getty Images,科尔多瓦的古罗马桥，西班牙
水墨西湖,https://www.bing.com/th?id=OHR.QingMing2023_ZH-CN6951199028_1920x1080.jpg&rf=LaDigue_1920x1080.jpg&qlt=50,© zhangshuang/Getty Images,杭州西湖水墨意境般的风景，浙江省，中国
亚利桑那州空中的粉月亮,https://www.bing.com/th?id=OHR.ArizonaPinkMoon_ZH-CN5545607389_1920x1080.jpg&rf=LaDigue_1920x1080.jpg&qlt=50,© Tim Murphy/Shutterstock,月亮升起，图森，亚利桑那州，美国
两只饥饿的小河狸,https://www.bing.com/th?id=OHR.KitsAspen_ZH-CN2160526845_1920x1080.jpg&rf=LaDigue_1920x1080.jpg&qlt=50,© Danny Green/Minden Pictures,欧亚河狸宝宝，芬兰
从地下起源的传说,https://www.bing.com/th?id=OHR.NIrelandGiants_ZH-CN6110576507_1920x1080.jpg&rf=LaDigue_1920x1080.jpg&qlt=50,© DieterMeyrl/Getty Images,巨人之路，北爱尔兰，英国
装饰华丽的复活节彩蛋,https://www.bing.com/th?id=OHR.LithuanianEggs_ZH-CN6609820454_1920x1080.jpg&rf=LaDigue_1920x1080.jpg&qlt=50,© fotomem/Getty Images,复活节彩蛋
强大的亲缘纽带,https://www.bing.com/th?id=OHR.ElephantTwins_ZH-CN6743766062_1920x1080.jpg&rf=LaDigue_1920x1080.jpg&qlt=50,© Diana Robinson/Getty Images,安博塞利国家公园的大象，肯尼亚
这个隐秘的瀑布在哪里？,https://www.bing.com/th?id=OHR.MossyGrottoFalls_ZH-CN2490591617_1920x1080.jpg&rf=LaDigue_1920x1080.jpg&qlt=50,© Chase Dekker Wild-Life Images/Getty Images,哥伦比亚河峡谷，俄勒冈州，美国
此景只应天上有,https://www.bing.com/th?id=OHR.EuropeFromISS_ZH-CN0722816540_1920x1080.jpg&rf=LaDigue_1920x1080.jpg&qlt=50,© Tim Peake/ESA/NASA via Getty Images,从国际空间站拍摄的地球
徒步旅行者的向往之地,https://www.bing.com/th?id=OHR.SnowdoniaNational_ZH-CN7415540950_1920x1080.jpg&rf=LaDigue_1920x1080.jpg&qlt=50,© Sebastian Wasek/eStock Photo,斯诺登尼亚国家公园，威尔士，英国
日光下的星星,https://www.bing.com/th?id=OHR.RedSeaStars_ZH-CN6243743747_1920x1080.jpg&rf=LaDigue_1920x1080.jpg&qlt=50,© Hans Leijnse/Minden Pictures,红海星， 地中海
宏伟的堡垒和宫殿,https://www.bing.com/th?id=OHR.NahargarhFort_ZH-CN7681434372_1920x1080.jpg&rf=LaDigue_1920x1080.jpg&qlt=50,© Sean3810/iStock/Getty Images Plus,从纳哈加尔城堡鸟瞰斋浦尔，印度
去放风筝吧！,https://www.bing.com/th?id=OHR.KiteDay_ZH-CN7813901578_1920x1080.jpg&rf=LaDigue_1920x1080.jpg&qlt=50,© Andrey Moisseyev/Alamy,阿德莱德国际风筝节，澳大利亚
有点孤单，有点浪漫,https://www.bing.com/th?id=OHR.MinouLighthouse_ZH-CN7940024247_1920x1080.jpg&rf=LaDigue_1920x1080.jpg&qlt=50,© RooM the Agency/Alamy,布列塔尼的小米努灯塔，法国
山顶上的文化奇观,https://www.bing.com/th?id=OHR.MPPUnesco_ZH-CN8076198158_1920x1080.jpg&rf=LaDigue_1920x1080.jpg&qlt=50,© Dora Dalton/Getty Images,马丘比丘，秘鲁
一对互相依偎的褐头凤鹛,https://www.bing.com/th?id=OHR.TaiwanYuhina_ZH-CN6541884178_1920x1080.jpg&rf=LaDigue_1920x1080.jpg&qlt=50,© Staffan Widstrand/Minden Pictures,褐头凤鹛
宁静的夜空,https://www.bing.com/th?id=OHR.CrestedButteEclispe_ZH-CN5715446670_1920x1080.jpg&rf=LaDigue_1920x1080.jpg&qlt=50,© Mengzhonghua Photography/Getty Images,克雷斯特德比特山上方的月食，科罗拉多州，美国
充满活力、阳光普照的岛屿,https://www.bing.com/th?id=OHR.ProcidaItaly_ZH-CN7712975930_1920x1080.jpg&rf=LaDigue_1920x1080.jpg&qlt=50,© Sean Pavone/Shutterstock,普罗奇达岛，意大利
国家公园中狡猾的常住居民,https://www.bing.com/th?id=OHR.EarthDayFox_ZH-CN7926350207_1920x1080.jpg&rf=LaDigue_1920x1080.jpg&qlt=50,© Ian Shive/Tandem Stills + Motion,岛屿灰狐，海峡群岛国家公园，美国加利福尼亚州
梦幻般的紫色,https://www.bing.com/th?id=OHR.Honnavaralavenderfields_ZH-CN8054655091_1920x1080.jpg&rf=LaDigue_1920x1080.jpg&qlt=50,© Amith Nag Photography/Getty Images,日出时分薄雾笼罩下的薰衣草田，印度
隐藏在树林中,https://www.bing.com/th?id=OHR.FranconianWineCellar_ZH-CN8234719750_1920x1080.jpg&rf=LaDigue_1920x1080.jpg&qlt=50,© Andreas_Zerndl/Getty Images,巴伐利亚森林酒窖，德国
在浮冰上休闲放松,https://th.bing.com/th?id=OHR.AdelieWPD_ZH-CN8434233391_1920x1080.jpg&rf=LaDigue_1920x1080.jpg&qlt=50&cacheVal=1682375070753,© David Merron Photography/Getty Images,阿德利企鹅
一对大雕鸮,https://www.bing.com/th?id=OHR.GHOAudubonDay_ZH-CN8605905801_1920x1080.jpg&rf=LaDigue_1920x1080.jpg&qlt=50,© Michael Morse/Getty Images,大雕鸮幼崽
一望无际的天空,https://www.bing.com/th?id=OHR.SouthPadre_ZH-CN8788572569_1920x1080.jpg&rf=LaDigue_1920x1080.jpg&qlt=50,© Jeff R Clow/Getty Images,南帕德里岛，美国得克萨斯州
温暖的阳光穿过古老森林,https://www.bing.com/th?id=OHR.MariposaGrove_ZH-CN8957145435_1920x1080.jpg&rf=LaDigue_1920x1080.jpg&qlt=50,© Orbon Alija/Getty Images,优胜美地国家公园的马里波萨谷巨杉林，美国加利福尼亚州
沙漠上空的星海,https://www.bing.com/th?id=OHR.JTNPMilkyWay_ZH-CN9128830420_1920x1080.jpg&rf=LaDigue_1920x1080.jpg&qlt=50,© Schroptschop/Getty Images,约书亚树国家公园上空的银河，美国加利福尼亚州
伟大的遗迹,https://www.bing.com/th?id=OHR.TempleE_ZH-CN9455488333_1920x1080.jpg&rf=LaDigue_1920x1080.jpg&qlt=50,© Antonino Bartuccio/eStock,塞利努斯的神庙，西西里岛，意大利
工程学杰作,https://www.bing.com/th?id=OHR.QuebecCityBridge_ZH-CN9618387961_1920x1080.jpg&rf=LaDigue_1920x1080.jpg&qlt=50&cacheVal=1682893439498,© Ronald Santerre/Getty Images,横跨圣劳伦斯河下游的魁北克大桥，加拿大
蓝湖和险峰,https://www.bing.com/th?id=OHR.KlostersSerneus_ZH-CN9821473046_1920x1080.jpg&rf=LaDigue_1920x1080.jpg&qlt=50,© Florin Baumann/Getty Images,阿尔卑斯山脉锡尔夫雷塔山的乔里森湖，瑞士
动物王国大迁徙,https://www.bing.com/th?id=OHR.ThreeWildebeest_ZH-CN0175563521_1920x1080.jpg&rf=LaDigue_1920x1080.jpg&qlt=50,© Matt Polski/Getty Images,马赛马拉的角马，肯尼亚
原力与你同在,https://www.bing.com/th?id=OHR.RebelBase_ZH-CN0484516261_1920x1080.jpg&rf=LaDigue_1920x1080.jpg&qlt=50,© THP Creative/Getty Images,蒂卡尔的玛雅遗址，危地马拉
从胜利到欢庆,https://www.bing.com/th?id=OHR.Popocatepetl_ZH-CN5483138337_1920x1080.jpg&rf=LaDigue_1920x1080.jpg&qlt=50,© Radius Images/Shutterstock,普埃布拉天主堂和波波卡特佩特火山，普埃布拉，墨西哥
一片花田,https://www.bing.com/th?id=OHR.Kornblume_ZH-CN0344238832_1920x1080.jpg&rf=LaDigue_1920x1080.jpg&qlt=50,© Mandy Tabatt/Getty Images,大麦和矢车菊， 诺德豪森, 德国
什么事这么好笑？,https://www.bing.com/th?id=OHR.SealLaughing_ZH-CN5809094643_1920x1080.webp&qlt=50,© Henley Spiers/Minden Pictures,海豹幼崽，伦迪岛，英国
藏在精致拱门里的百年时光,https://www.bing.com/th?id=OHR.TheChaps_ZH-CN5966508162_1920x1080.webp&qlt=50,© Mark Brodkin Photography/Getty Images,精致拱门，拱门国家公园，犹他州
天堂的一角,https://www.bing.com/th?id=OHR.Atoll_ZH-CN9469093805_1920x1080.webp&qlt=50,© WaterFrame/Alamy,卡韦希环礁，土阿莫土群岛，法属波利尼西亚
金光中的灯塔,https://www.bing.com/th?id=OHR.CordouanLighthouse_ZH-CN6267155218_1920x1080.webp&qlt=50,© FRTimelapse/Getty Images,科尔杜昂灯塔，罗扬市，夏朗德省，法国
蝴蝶最好的朋友,https://www.bing.com/th?id=OHR.WildLupine_ZH-CN6623952879_1920x1080.webp&qlt=50,© silverjohn/Getty Images Plus,紫色和蓝色的野生羽扇豆
供水系统的历史,https://www.bing.com/th?id=OHR.Mannheim_ZH-CN6793377814_1920x1080.webp&qlt=50,© tichr/Getty Images,曼海姆水塔，德国
母亲节快乐！,https://www.bing.com/th?id=OHR.OdocoileusVirginianus_ZH-CN6941501455_1920x1080.webp&qlt=50,© Donald M. Jones/Minden Pictures,白尾鹿母鹿和刚出生的小鹿，美国蒙大拿州
文化交汇的岛屿,https://www.bing.com/th?id=OHR.MorroJable_ZH-CN7382027688_1920x1080.webp&qlt=50,© Gavin Hellier/Getty Images,莫罗哈夫莱海滩和科罗拉达斯海滩，富埃特文图拉岛，西班牙加那利群岛
一片平静的水域,https://www.bing.com/th?id=OHR.AmericanWetlands_ZH-CN7534567518_1920x1080.webp&qlt=50,© Brad Beck/Tandem Stills + Motion,在奥克弗诺基国家野生动物保护区划独木舟
通往太平洋之窗,https://www.bing.com/th?id=OHR.CormorantBridge_ZH-CN7673299694_1920x1080.webp&qlt=50,© Jim Patterson/Tandem Stills + Motion,加利福尼亚州圣克鲁斯的天然桥州立公园
准备好欢庆吧！,https://www.bing.com/th?id=OHR.SardineBurial_ZH-CN9563091726_1920x1080.webp&qlt=50,© SOMATUSCANI/Getty Images,拉曼加，穆尔西亚，西班牙
我们怎么才能帮助濒危动物？,https://www.bing.com/th?id=OHR.SumatranRhino_ZH-CN4529744910_1920x1080.webp&qlt=50,© Cyril Ruoso/Minden Pictures,苏门答腊犀牛，韦卡巴斯国家公园，印度尼西亚
一片蜂群,https://www.bing.com/th?id=OHR.EuropeanHoneybee_ZH-CN5191293837_1920x1080.webp&qlt=50,© Deborah Vernon/Alamy,谢菲尔德的欧洲蜜蜂， 英格兰
一座承载历史的桥,https://www.bing.com/th?id=OHR.PontdArcole_ZH-CN5348049357_1920x1080.webp&qlt=50,© StockByM/Getty Images,塞纳河，巴黎，法国
为了每个人，保护地球的生物多样性,https://www.bing.com/th?id=OHR.BiodiverseCostaRica_ZH-CN5524154131_1920x1080.webp&qlt=50,© Kevin Wells/Getty Images,阿雷纳尔火山，蒙泰韦尔德，哥斯达黎加
保护我们的乌龟,https://www.bing.com/th?id=OHR.WesternBoxTurtle_ZH-CN6203163704_1920x1080.webp&qlt=50,© Tim Fitzharris/Minden Pictures,西部箱龟
历史在这里复活,https://www.bing.com/th?id=OHR.OldFortress_ZH-CN6469523538_1920x1080.webp&qlt=50,© Netfalls Remy Musser/Shutterstock,科孚岛旧城堡
童话照进现实,https://www.bing.com/th?id=OHR.SaksunFaroe_ZH-CN7150180006_1920x1080.webp&qlt=50,© miroslav_1/Getty Images,法罗群岛，丹麦
在废墟中寻找美,https://www.bing.com/th?id=OHR.WatSriSawai_ZH-CN7688908090_1920x1080.webp&qlt=50,© Casper1774 Studio/Shutterstock,西沙瓦寺，素可泰历史公园，泰国
伸向天空,https://www.bing.com/th?id=OHR.AloeDichotomum_ZH-CN7940121733_1920x1080.webp&qlt=50,© Fotofeeling/DEEPOL by plainpicture,纳米比亚的植物
俯瞰层叠的梯田,https://www.bing.com/th?id=OHR.TegallalangTerrace_ZH-CN8126456968_1920x1080.webp&qlt=50,© Cavan Images/Adobe Stock,乌布的德格拉朗梯田，印度尼西亚
人间天堂,https://www.bing.com/th?id=OHR.Antilles_ZH-CN8267285876_1920x1080.webp&qlt=50,© Hemis/Alamy,萨克马兰大湾，瓜德罗普岛国家公园，小安的列斯群岛
墨西哥的隐秘海滩,https://www.bing.com/th?id=OHR.HiddenBeach_ZH-CN8410568637_1920x1080.webp&qlt=50,© ferrantraite/Getty Images,埃莫海滩，玛丽埃塔斯群岛，巴亚尔塔港，墨西哥
一脸好奇的海獭宝宝,https://www.bing.com/th?id=OHR.WorldOtterDay_ZH-CN8607141093_1920x1080.webp&qlt=50,© Donald M. Jones/Minden Pictures,海獭宝宝，威廉王子湾，美国阿拉斯加州
一望无际的湛蓝,https://www.bing.com/th?id=OHR.ReefAwareness_ZH-CN8840949729_1920x1080.webp&qlt=50,© AirPano LLC/Amazing Aerial Agency,大堡礁的航拍图，澳大利亚
被沙海包围,https://www.bing.com/th?id=OHR.GemsbokNamibia_ZH-CN0963988839_1920x1080.webp&qlt=50,© Sergey Gorshkov/Alamy,沙丘中的南非剑羚，纳米比亚
一睹最壮观的峡谷,https://www.bing.com/th?id=OHR.SouthKaibabTrail_ZH-CN1186135534_1920x1080.webp&qlt=50,© Roman Khomlyak/Getty Images,大峡谷国家公园的南凯巴布步道，亚利桑那州，美国
热带天堂的黑沙滩,https://www.bing.com/th?id=OHR.MauiBeach_ZH-CN1435658101_1920x1080.webp&qlt=50,© Matt Anderson Photography/Getty Images,怀阿纳帕纳帕州立公园的黑沙滩，茂宜岛，夏威夷，美国
风景如画的瀑布,https://www.bing.com/th?id=OHR.WaterfallsSunwaptaValley_ZH-CN1804229850_1920x1080.webp&qlt=50,© Delpixart/Getty Images,辛华达峡谷的瀑布，贾斯珀国家公园，加拿大
诺曼底登陆日,https://www.bing.com/th?id=OHR.CliffsEtretat_ZH-CN1961838068_1920x1080.webp&qlt=50,© MarcelloLand/Getty Images,The chalk cliffs of Étretat， Normandy, France
如果这些墙会说话······,https://www.bing.com/th?id=OHR.ChacoCulture_ZH-CN2098865361_1920x1080.webp&qlt=50,© Ian Shive/Tandem Stills + Motion,普韦布洛·博尼托镇，查科文化国家历史公园，美国新墨西哥州
座头鲸唱歌的地方,https://www.bing.com/th?id=OHR.PlayfulHumpback_ZH-CN2241016258_1920x1080.webp&qlt=50,© Philip Thurston/Getty Images,座头鲸
与太阳一同升起,https://www.bing.com/th?id=OHR.BalloonsTurkey_ZH-CN2791109350_1920x1080.webp&qlt=50,© Anton Petrus/Getty Images,卡帕多西亚， 土耳其
波尔图的青花瓷美景,https://www.bing.com/th?id=OHR.PortugalDay_ZH-CN2939429166_1920x1080.webp&qlt=50,© Reinhard Schmid/Huber/eStock Photo,波尔图大教堂， 葡萄牙
伺机而动,https://www.bing.com/th?id=OHR.GoliathHeron_ZH-CN2413747227_1920x1080.webp&qlt=50,© Johan Swanepoel/Alamy,巨鹭，克鲁格国家公园，南非
大弯的生日,https://www.bing.com/th?id=OHR.BigBendAnniv_ZH-CN3445097868_1920x1080.webp&qlt=50,© Tim Fitzharris/Minden Pictures,仙人掌植物，得克萨斯州大弯国家公园，美国
你是否有勇气进入这片茂密的沼泽,https://www.bing.com/th?id=OHR.OkefenokeeSwamp_ZH-CN3640203783_1920x1080.webp&qlt=50,© Emmer Photo/Alamy,奥克弗诺基沼泽木板路上的西班牙苔藓，佐治亚州，美国
巴洛克风盛宴,https://www.bing.com/th?id=OHR.PassauSunsetJune_ZH-CN7563956674_1920x1080.webp&qlt=50,© Scott Wilson/Alamy,多瑙河畔的帕绍市，巴伐利亚，德国
一闪一闪亮晶晶（的小虫子）,https://www.bing.com/th?id=OHR.SmokyFireflies_ZH-CN3840923626_1920x1080.webp&qlt=50,© Floris Van Bruegel/Minden Pictures,同步萤火虫，大烟山国家公园，田纳西州，美国
鹰嘴海龟,https://www.bing.com/th?id=OHR.HawksbillTurtle_ZH-CN0562063994_1920x1080.webp&qlt=50,© Robert Mallon/Getty Images,游泳的鹰嘴海龟， 冲绳，日本
桨叶动力,https://www.bing.com/th?id=OHR.SurfSanDiego_ZH-CN1485510748_1920x1080.webp&qlt=50,© Brandon Colbert Photography/Getty Images,在加利福尼亚州圣地亚哥举行的“为团结划桨”活动
值班爸爸,https://www.bing.com/th?id=OHR.TernFather_ZH-CN1860589914_1920x1080.webp&qlt=50,© Vicki Jauron, Babylon and Beyond Photography/Getty Images,普通燕鸥父亲和宝宝，长岛，纽约州，美国
这只小可爱在哪里?,https://www.bing.com/th?id=OHR.Fawn_ZH-CN2172152960_1920x1080.webp&qlt=50,© Gerard Lacz/Minden,奔跑在诺曼底草地上的小狍，法国
这只顶级掠食者是什么?,https://www.bing.com/th?id=OHR.EagleTree_ZH-CN7775102951_1920x1080.webp&qlt=50,© Jaynes Gallery/Shutterstock,秃鹰，通加斯国家森林，阿拉斯加，美国
夏日仙境,https://www.bing.com/th?id=OHR.SummerSolstice2023_ZH-CN5038619036_1920x1080.webp&qlt=50,© pandemin/Getty Images,夏日盛开的荷花
仲夏端午,https://www.bing.com/th?id=OHR.DragonBoatFestival2023_ZH-CN5255671687_1920x1080.webp&qlt=50,© timekeep/Shutterstock,中国传统节日端午节
蝴蝶翩跹,https://www.bing.com/th?id=OHR.PollinatorMonarch_ZH-CN5556988827_1920x1080.webp&qlt=50,© bookguy/Getty Images,帝王蝶在野花中取食
海湾之美,https://www.bing.com/th?id=OHR.NhaTrang_ZH-CN5834700560_1920x1080.webp&qlt=50,© Thang Tat Nguyen/Getty Images,芽富湾，芽庄，越南
一座宝库,https://www.bing.com/th?id=OHR.PetraTreasury_ZH-CN6007151900_1920x1080.webp&qlt=50,© WitthayaP/Shutterstock,佩特拉的宝库，约旦
奢华的迷宫,https://www.bing.com/th?id=OHR.VillandryGarden_ZH-CN6140359139_1920x1080.webp&qlt=50,© VLADJ55/Shutterstock,维朗德里城堡及花园，卢瓦尔河谷，法国
红石的土地,https://www.bing.com/th?id=OHR.SedonaSunset_ZH-CN6289462383_1920x1080.webp&qlt=50,© Jonathan Ross/Getty Images,塞多纳，亚利桑那州，美国
天堂之景！,https://www.bing.com/th?id=OHR.ItalyCinqueTerre_ZH-CN6495965228_1920x1080.webp&qlt=50,© Rubin Versigny/Getty Images,韦尔纳扎，五渔村，意大利
赞美热带,https://www.bing.com/th?id=OHR.BanyakIslands_ZH-CN6620304821_1920x1080.webp&qlt=50,© fbxx/Getty Imagesz,巴尼亚群岛，苏门答腊，印度尼西亚
孩子，你把鱼扔哪儿了？,https://www.bing.com/th?id=OHR.ClamBears_ZH-CN5686721500_1920x1080.webp&qlt=50,© Carlos Carreno/Getty Images,棕熊妈妈和幼崽，克拉克湖国家公园和自然保护区，美国阿拉斯加州
超凡脱俗的风景,https://www.bing.com/th?id=OHR.RomeView_ZH-CN5882212305_1920x1080.webp&qlt=50,© sborisov/Getty Images,从意大利圣天使城堡俯瞰罗马
一年已过半,https://www.bing.com/th?id=OHR.HalfwayBoats_ZH-CN3563044251_1920x1080.webp&qlt=50,© Frolova_Elena/Shutterstock,费吕沃湖水道桥，荷兰
天气热得让人想嗷嗷叫！,https://www.bing.com/th?id=OHR.CoyoteBanff_ZH-CN4183627255_1920x1080.webp&qlt=50,© Harry Collins/Getty Images,班夫的土狼，加拿大
体验孤独与奇迹,https://www.bing.com/th?id=OHR.GrasslandsNationalParkSaskachewan_ZH-CN6530285883_1920x1080.webp&qlt=50,© Robert Postma/Getty Images,草原国家公园，萨斯喀彻温省，加拿大
挑选你的乐园,https://www.bing.com/th?id=OHR.CorfuBeach_ZH-CN8660068587_1920x1080.webp&qlt=50,© nantonov/Getty Images,蒂莫尼港海滩，科孚岛，希腊
接吻的企鹅,https://www.bing.com/th?id=OHR.KissingPenguins_ZH-CN5449471262_1920x1080.webp&qlt=50,© Tony Beck/Getty Images,南跳岩企鹅，福克兰群岛
巧克力爱好者最爱的水果,https://www.bing.com/th?id=OHR.CocoaPods_ZH-CN6192387360_1920x1080.webp&qlt=50,© pierivb/Getty Images,安班加的可可豆荚，马达加斯加
树林中的避难所,https://www.bing.com/th?id=OHR.CooperChapel_ZH-CN1150924688_1920x1080.webp&qlt=50,© Eddie Brady/Getty Images,米尔德里德-B-库珀纪念教堂，贝拉维斯塔，阿肯色州
河湾,https://www.bing.com/th?id=OHR.MoselleRiver_ZH-CN1283415242_1920x1080.webp&qlt=50,© Jorg Greuel/Getty Images,克罗夫附近的摩泽尔河，德国
飘着香气的紫色海洋,https://www.bing.com/th?id=OHR.SomersetLavender_ZH-CN5823464763_1920x1080.webp&qlt=50,© Doug Chinnery/Getty Images,萨默塞特郡的薰衣草田，英国
万家灯火,https://www.bing.com/th?id=OHR.WorldPopDay_ZH-CN7074706912_1920x1080.webp&qlt=50,© leungchopan/Getty Images,Hong Kong SAR
世界上最独特的海滩？,https://www.bing.com/th?id=OHR.NakupendaBeach_ZH-CN7913805608_1920x1080.webp&qlt=50,© Lubos Paukeje/Alamy,“我爱你”海滩自然保护区的沙洲，桑给巴尔，坦桑尼亚
行走在彩虹岩石上,https://www.bing.com/th?id=OHR.ZhangyeGeopark_ZH-CN1045536243_1920x1080.webp&qlt=50,© TONNAJA/Getty Images,张掖国家地质公园，甘肃，中国
一群鲨鱼正在狩猎,https://www.bing.com/th?id=OHR.BlacktipSharks_ZH-CN6532659465_1920x1080.webp&qlt=50,© Filippo Bacci/Getty Images,乌翅真鲨，马尔代夫
明信片般完美的风景,https://www.bing.com/th?id=OHR.CastelmazzanoSunrise_ZH-CN6733875019_1920x1080.webp&qlt=50,© Rudy Balasko/Shutterstock,卡斯泰尔梅扎诺，意大利
溪水潺潺,https://www.bing.com/th?id=OHR.BearHoleBrook_ZH-CN6855885557_1920x1080.webp&qlt=50,© GummyBone/Getty Images,熊洞溪，卡茨基尔山脉，纽约，美国
古老的中世纪奇迹,https://www.bing.com/th?id=OHR.CavanCastle_ZH-CN7109317900_1920x1080.webp&qlt=50,© 4H4 PH/Shutterstock,乌特湖的克拉夫特城堡，卡文郡，爱尔兰
这只鸟长着尖尖的嘴,https://www.bing.com/th?id=OHR.BucerosBicornis_ZH-CN7795050230_1920x1080.webp&qlt=50,© kajornyot wildlife photography/Shutterstock,双角犀鸟，考艾国家公园，泰国
这片湖泊可不是海市蜃楼,https://www.bing.com/th?id=OHR.CrescentLake_ZH-CN8294493832_1920x1080.webp&qlt=50,© R7 Photo/Shutterstock,敦煌月牙泉，甘肃省，中国
为我们的近邻月球而庆祝,https://www.bing.com/th?id=OHR.MoonDayArtemis_ZH-CN8743374853_1920x1080.webp&qlt=50,© NASA,从美国宇航局猎户座飞船上看到的月球
将散落的岛屿连接在一起,https://www.bing.com/th?id=OHR.BridgeNorway_ZH-CN9063814637_1920x1080.webp&qlt=50,© Morten Falch Sortland/Getty Images,斯托尔桑德特大桥，挪威
想出去玩吗？,https://www.bing.com/th?id=OHR.HammockDay_ZH-CN9368760971_1920x1080.webp&qlt=50,© Mac Stone/Tandem Stills + Motion,在一棵秃柏树上吊床露营，佛罗里达州，美国
你好，你在找“茶”吗?,https://www.bing.com/th?id=OHR.TeaEstate_ZH-CN9645412630_1920x1080.webp&qlt=50,© Jeremy Woodhouse/Getty Images,爱丁堡茶园， 努沃勒埃利耶, 斯里兰卡
堂/表兄弟姐妹日,https://www.bing.com/th?id=OHR.ZebraCousins_ZH-CN8159888859_1920x1080.webp&qlt=50,© cinoby/Getty Images,斑马，塔兰吉雷国家公园，坦桑尼亚
粉红色，很好看,https://www.bing.com/th?id=OHR.LasLagunas_ZH-CN9917702340_1920x1080.webp&qlt=50,© Juan Maria Coy Vergara/Getty Images,托雷维耶哈潟湖，阿利坎特，西班牙
和这些耐盐植物问好！,https://www.bing.com/th?id=OHR.MangrovePark_ZH-CN0208518370_1920x1080.webp&qlt=50,© Amazing Aerial Premium/Shutterstock,朱拜勒红树林公园，阿布扎比，阿拉伯联合酋长国
凯旋的姿态,https://www.bing.com/th?id=OHR.ParisLouvre_ZH-CN0341884841_1920x1080.webp&qlt=50,© Jon Hicks/Getty Images,卡鲁塞尔凯旋门和卢浮宫金字塔，巴黎，法国
美丽的蓝色岛屿,https://www.bing.com/th?id=OHR.SanBlasIslands_ZH-CN6320572106_1920x1080.webp&qlt=50,© bgremler/Shutterstock,圣布拉斯群岛，巴拿马
国际老虎日,https://www.bing.com/th?id=OHR.TigerIndia_ZH-CN6657629375_1920x1080.webp&qlt=50,© Andy Rouse/Minden Pictures,孟加拉虎，兰坦波尔国家公园，印度
宛若仙境的帕卢斯田园,https://www.bing.com/th?id=OHR.PalouseHills_ZH-CN6864015897_1920x1080.webp&qlt=50,© EJ-J/Getty Images,帕卢斯的农田，华盛顿州，美国
有人在家吗?,https://www.bing.com/th?id=OHR.RockHouse_ZH-CN7318310409_1920x1080.webp&qlt=50,© Kenneth Keifer/Getty Images,霍金山州立公园的岩石屋，俄亥俄州，美国
德纳里山的力量无可否认,https://www.bing.com/th?id=OHR.DenaliClimber_ZH-CN7548168932_1920x1080.webp&qlt=50,© Andrew Peacock/Tandem Stills + Motion,从德纳里山看福克拉山，德纳里国家公园，美国阿拉斯加州
大自然色调的调色板,https://www.bing.com/th?id=OHR.CapitolButte_ZH-CN7707972988_1920x1080.webp&qlt=50,© Amazing Aerial Premium/Shutterstock,圆顶礁国家公园的砂岩山丘，犹他州，美国
绿松石般的泉水,https://www.bing.com/th?id=OHR.ZelenciSprings_ZH-CN8022746409_1920x1080.webp&qlt=50,© Andrey Danilovich/Getty Images,泽伦西自然保护区，斯洛文尼亚
一扇通向过去的窗,https://www.bing.com/th?id=OHR.GothicRuins_ZH-CN8317467997_1920x1080.webp&qlt=50,© matthibcn/Getty Images,廷特恩修道院，威尔士
海鹦繁殖季,https://www.bing.com/th?id=OHR.AtlanticPuffin_ZH-CN8523220989_1920x1080.webp&qlt=50,© Peter Hering/Minden Pictures,大西洋海鹦，冰岛
一面反映大自然之美的镜子,https://www.bing.com/th?id=OHR.NaganoPond_ZH-CN8794832798_1920x1080.webp&qlt=50,© Shoji Fujita/Getty Images,镜池，长野，日本
地上一点，天上万千,https://www.bing.com/th?id=OHR.BodieNC_ZH-CN9027999004_1920x1080.webp&qlt=50,© Michael Ver Sprill/Getty Images,博迪岛灯塔，马头城，北卡罗来纳州，美国
恍若童话世界，胜似人间仙境,https://www.bing.com/th?id=OHR.LiQiu2023_ZH-CN9197909278_1920x1080.webp&qlt=50,© Michael Ver Sprill/Getty Images,五花海，阿坝九寨沟旅游景区，四川省，中国
壮观的自然古迹,https://www.bing.com/th?id=OHR.PandiZucchero_ZH-CN9833521922_1920x1080.webp&qlt=50,© DaLiu/Getty Images,马苏阿的甜面包海蚀柱，撒丁岛，意大利
丛林之王？还真不是,https://www.bing.com/th?id=OHR.WorldLionDay_ZH-CN0525835107_1920x1080.webp&qlt=50,© Federico Veronesi/Minden Pictures,马赛马拉的一头狮子，肯尼亚
独一无二的一朵“水花”,https://www.bing.com/th?id=OHR.JupiterArtland_ZH-CN7955790073_1920x1080.webp&qlt=50,© Owen Humphreys/PA Images/Alamy,'朱庇特艺术园的“入口”水池，爱丁堡，苏格兰
保护温柔的巨人,https://www.bing.com/th?id=OHR.ThreeElephants_ZH-CN8708711085_1920x1080.webp&qlt=50,© Ibrahim Suha Derbent/Getty Images,大象家族，安波塞利国家公园，肯尼亚
抬头看，它来了,https://www.bing.com/th?id=OHR.PerseidsOregon_ZH-CN9427980491_1920x1080.webp&qlt=50,© Joshua Meador/Tandem Stills + Motion,英仙座流星雨，白杨木峡谷州立公园，俄勒冈州，美国
躲猫猫，我看见你了!,https://www.bing.com/th?id=OHR.GeckoLeaf_ZH-CN9908456174_1920x1080.webp&qlt=50,© Darren Greenwood/Alamy,叶片上的小壁虎
发光的矩形广场,https://www.bing.com/th?id=OHR.TaorminaSquare_ZH-CN0273325652_1920x1080.webp&qlt=50,© rudi1976/Alamy,四月九日广场，陶尔米纳，西西里岛，意大利
一把通向岛屿的钥匙,https://www.bing.com/th?id=OHR.KeyWestBridge_ZH-CN2540450067_1920x1080.webp&qlt=50,© Evgeny Vasenev/Cavan Images,基韦斯特的七英里大桥，佛罗里达州，美国
听它咆哮！,https://www.bing.com/th?id=OHR.HelmckenWaterfall_ZH-CN9694510761_1920x1080.webp&qlt=50,© Laurens Verhoeven/Getty Images,罕肯瀑布，威尔斯格雷省立公园, 加拿大不列颠哥伦比亚省
挑战地心引力的世界奇观,https://www.bing.com/th?id=OHR.AvatarMountain_ZH-CN3268610045_1920x1080.webp&qlt=50,© Amazing Aerial Premium/Shutterstock,哈利路亚山，张家界国家森林公园，中国
我准备好拍特写了，松鼠先生,https://www.bing.com/th?id=OHR.CameraSquirrel_ZH-CN3580119980_1920x1080.webp&qlt=50,© Alfredo Piedrafita/Getty Images,看着相机镜头的松鼠
海上哨兵,https://www.bing.com/th?id=OHR.StartPointLight_ZH-CN4021540566_1920x1080.webp&qlt=50,© Guy Edwardes/Minden Pictures,起点灯塔，德文郡，英国
自内而外的光彩,https://www.bing.com/th?id=OHR.EmeraldLakeYukon_ZH-CN4281156537_1920x1080.webp&qlt=50,© artherng/Getty Images,翡翠湖，加拿大育空地区
为罗马建筑“起立欢呼”,https://www.bing.com/th?id=OHR.TunisiaAmphitheatre_ZH-CN4431856872_1920x1080.webp&qlt=50,© Westend61/Getty Images,埃尔杰姆露天剧场，突尼斯
溅起一潭水花,https://www.bing.com/th?id=OHR.SkogafossWaterfall_ZH-CN4763253095_1920x1080.webp&qlt=50,© Maridav/Shutterstock,斯科加瀑布，冰岛
自然“鳍”观,https://www.bing.com/th?id=OHR.SharkFinCove_ZH-CN4952934195_1920x1080.webp&qlt=50,© Jeff Lewis/Tandem Stills + Motion,鲨鱼鳍湾，达文波特，加利福尼亚州，美国
这是你的土地,https://www.bing.com/th?id=OHR.YellowstoneFalls_ZH-CN8050562150_1920x1080.webp&qlt=50,© Tim Fitzharris/Minden Pictures,黄石下瀑布，黄石国家公园，怀俄明州，美国
博物馆之夜,https://www.bing.com/th?id=OHR.MuseumIsland_ZH-CN8277258964_1920x1080.webp&qlt=50,© Rudy Balasko/Shutterstock,柏林大教堂和博物馆岛，柏林，德国
一个酷炫的凝灰岩火山口,https://www.bing.com/th?id=OHR.JejuIsland_ZH-CN8434910851_1920x1080.webp&qlt=50,© Quynh Anh Nguyen/Getty Images,城山日出峰，济州岛上的凝灰岩锥，韩国
小心龙出没！,https://www.bing.com/th?id=OHR.DubrovnikHarbor_ZH-CN8590217905_1920x1080.webp&qlt=50,© Benny Marty/Shutterstock,洛夫里耶纳克堡，西港，杜布罗夫尼克，克罗地亚
一头毛茸茸的牛,https://www.bing.com/th?id=OHR.TetonBison_ZH-CN9384306649_1920x1080.webp&qlt=50,© Enrique Aguirre Aves/Getty Images,美洲野牛，大提顿国家公园，怀俄明州
潜水员的“大伙伴”,https://www.bing.com/th?id=OHR.NingalooShark_ZH-CN9014712175_1920x1080.webp&qlt=50,© Jason Edwards/Getty Images,鲸鲨，宁加洛珊瑚礁，西澳大利亚
你今天过得怎么样？,https://www.bing.com/th?id=OHR.IronwoodCactus_ZH-CN9290037977_1920x1080.webp&qlt=50,© Jack Dykinga/Minden Pictures,巨人柱，铁木森林国家纪念地，亚利桑那州，美国
火鸡尾蘑菇,https://www.bing.com/th?id=OHR.TurkeyTailMush_ZH-CN9683744281_1920x1080.webp&qlt=50,© Bill Gozansky/Alamy Stock Photo,火鸡尾蘑菇，布里瓦德，北卡罗来纳州，美国
停下来喝点花蜜,https://www.bing.com/th?id=OHR.TinyHummer_ZH-CN9853929957_1920x1080.webp&qlt=50,© mallardg500/Getty Images,艾氏煌蜂鸟，圣克鲁斯，加利福尼亚州，美国
高耸入云,https://www.bing.com/th?id=OHR.ManhattanAerial_ZH-CN0036686873_1920x1080.webp&qlt=50,© Wojtek Zagorski/Getty Images,曼哈顿鸟瞰图，纽约市，美国
城市中心的绿色天堂,https://www.bing.com/th?id=OHR.BourgesMarsh_ZH-CN0505354655_1920x1080.webp&qlt=50,© Tuul & Bruno Morandi/Getty Images,布尔日的沼泽，法国
数字合成的照片？不是吧！,https://www.bing.com/th?id=OHR.MountSegla_ZH-CN0758615745_1920x1080.webp&qlt=50,© imageBROKER/Moritz Wolf/Getty Images,塞格拉山，塞尼亚岛，挪威
准备好下锚了吗？,https://www.bing.com/th?id=OHR.CreteHarbor_ZH-CN0937533372_1920x1080.webp&qlt=50,© Gatsi/Getty Images,威尼斯旧港，克里特岛，希腊
沙漠之舟,https://www.bing.com/th?id=OHR.CamelsAbove_ZH-CN1389810021_1920x1080.webp&qlt=50,© Amazing Aerial Premium/Shutterstock,沙漠中的骆驼，阿拉伯联合酋长国
简·奥斯汀的文学圈,https://www.bing.com/th?id=OHR.BathCircus_ZH-CN5796600786_1920x1080.webp&qlt=50,© Gavin Hellier/Getty Images,巴斯圆形广场，萨默塞特 ，英国
皇家寺庙的废墟,https://www.bing.com/th?id=OHR.AyutthayaTemple_ZH-CN5996587937_1920x1080.webp&qlt=50,© Weerasak Saeku/Getty Images,大城府历史公园的柴瓦塔那兰寺，泰国
长者的智慧,https://www.bing.com/th?id=OHR.WalrusSvalbard_ZH-CN6343458320_1920x1080.webp&qlt=50,© Mark Smith/Getty Images,斯瓦尔巴群岛海上的一对海象，挪威
历史、自然和美酒交汇之地,https://www.bing.com/th?id=OHR.MarathonMedoc_ZH-CN6649798028_1920x1080.webp&qlt=50,© Esperanza33/Getty Images,波尔多葡萄园的日出，法国
下一站，地平线。,https://www.bing.com/th?id=OHR.NorthSeaStairs_ZH-CN7044471948_1920x1080.webp&qlt=50,© Frederick Doerschem/Getty Images,北海日落，诺德多夫，德国
往事的低语,https://www.bing.com/th?id=OHR.HemakutaHill_ZH-CN7438439036_1920x1080.webp&qlt=50,© Images of india/Alamy Stock Photo,赫马库塔山上的神庙，汉皮，卡纳塔克邦，印度
只是两个朋友在玩闹而已,https://www.bing.com/th?id=OHR.MongoliaHorses_ZH-CN7660582867_1920x1080.webp&qlt=50,© Ondrej Prosicky/Shutterstock,普氏野马，哈斯台国家公园，蒙古国
山谷女王,https://www.bing.com/th?id=OHR.GlenariffForest_ZH-CN7874768337_1920x1080.webp&qlt=50,© Peter Zelei/Getty Images,格莱纳里夫森林公园的日落，安特里姆郡，爱尔兰
系好你的安全带！,https://www.bing.com/th?id=OHR.SplugenPass_ZH-CN8347591461_1920x1080.webp&qlt=50,© Roberto Moiola/Getty Images,施布吕根山口，格劳宾登州，瑞士
杂色短尾鴗,https://www.bing.com/th?id=OHR.CubanTody_ZH-CN8656368705_1920x1080.webp&qlt=50,© Bruno D'Amicis/Minden Pictures,杂色短尾鴗，阿里杰罗德胡波尔德国家公园，古巴
黑夜里的“彩虹”,https://www.bing.com/th?id=OHR.MilkyWayPortugal_ZH-CN8878883229_1920x1080.webp&qlt=50,© Daniel Garrido/Getty Images,西南阿连特茹和维森廷海岸自然公园上空的银河，葡萄牙
壁花的避风港,https://www.bing.com/th?id=OHR.HadriansWallUK_ZH-CN9203571422_1920x1080.webp&qlt=50,© daverhead/Getty Images,哈德良长城，诺森伯兰郡国家公园，英国
桥下和桥上的水流,https://www.bing.com/th?id=OHR.ArkadiaPark_ZH-CN9501056317_1920x1080.webp&qlt=50,© PATSTOCK/Getty Images,罗马风格的渡槽，阿卡迪亚公园，波兰
表彰和平卫士,https://www.bing.com/th?id=OHR.NobelNorway_ZH-CN9824054026_1920x1080.webp&qlt=50,© Ilyas Ayub/Alamy,诺贝尔和平中心内部，奥斯陆，挪威
马尔萨拉，西西里岛的奇迹之一,https://www.bing.com/th?id=OHR.MarsalaSalt_ZH-CN4943158328_1920x1080.webp&qlt=50,© javarman3/Getty Images,马尔萨拉盐田，意大利
沐浴在秋天的色彩中,https://www.bing.com/th?id=OHR.CottonwoodCanyon_ZH-CN5293620973_1920x1080.webp&qlt=50,© Stephen Matera/Tandem Stills + Motion,郊狼谷的棉白杨和红砂岩，格兰峡谷国家保护区，犹他州
时而潺潺细流，时而奔腾咆哮,https://www.bing.com/th?id=OHR.FraserRiverBC_ZH-CN5743867197_1920x1080.webp&qlt=50,© phototropic/Getty Images,罗布森山附近的弗雷泽河，大不列颠哥伦比亚省，加拿大
躺下来放松一下吧,https://www.bing.com/th?id=OHR.GlacierBayOtter_ZH-CN6065209551_1920x1080.webp&qlt=50,© Andrew Peacock/Tandem Stills + Motion,巴特利特湾的海獭，冰川湾国家公园，阿拉斯加州
给滑板“冲浪”的波浪,https://www.bing.com/th?id=OHR.VeniceSkatePark_ZH-CN6295228801_1920x1080.webp&qlt=50,© EXTREME-PHOTOGRAPHER/Getty Images,日落时的威尼斯海滩滑板公园，洛杉矶，加利福尼亚州
缓慢平稳地攀登悬崖,https://www.bing.com/th?id=OHR.CapriKrupp_ZH-CN6893334288_1920x1080.webp&qlt=50,© Mikolaj Niemczewski/Shutterstock,克虏伯路，卡普里岛，意大利
遵命！船长！,https://www.bing.com/th?id=OHR.MaritimeDay_ZH-CN7073219075_1920x1080.webp&qlt=50,© Suriyapong Thongsawang/Getty Images,泰国商业港口附近的集装箱船
举杯邀明月,https://www.bing.com/th?id=OHR.GuiyangMoon_ZH-CN7497119092_1920x1080.webp&qlt=50,© Wang Yukun/Getty Images,满月下的甲秀楼，中国贵州省贵阳市
啊！仙纳度,https://www.bing.com/th?id=OHR.ShenandoahFoliage_ZH-CN9885452713_1920x1080.webp&qlt=50,© Michael Ver Sprill/Getty Images,仙纳度国家公园的秋色，弗吉尼亚州
生日快乐,https://www.bing.com/th?id=OHR.NationalDay2023_ZH-CN8608297006_1920x1080.webp&qlt=50,© Jeff_Hu/Getty Images,雄伟壮丽的中国长城
普罗旺斯大峡谷,https://www.bing.com/th?id=OHR.VerdonCanyon_ZH-CN8872507857_1920x1080.webp&qlt=50,© luisapuccini/Getty Images,韦尔东峡谷，普罗旺斯-阿尔卑斯-蓝色海岸，法国
圣灵群岛之旅,https://www.bing.com/th?id=OHR.WhitsundaySwirl_ZH-CN9085371328_1920x1080.webp&qlt=50,© Coral Brunner/Shutterstock,白天堂海滩，圣灵群岛，昆士兰州，澳大利亚
狼蛛星云,https://www.bing.com/th?id=OHR.TarantulaNebula_ZH-CN9340300473_1920x1080.webp&qlt=50,© NASA, ESA, CSA, STScI, Webb ERO Production Team,狼蛛星云中形成的年轻恒星，詹姆斯·韦布空间望远镜
这是怎么做到的！,https://www.bing.com/th?id=OHR.GentooJump_ZH-CN9625511393_1920x1080.webp&qlt=50,© Art Wolfe/Getty Images,巴布亚企鹅，南极洲
大自然的威严,https://www.bing.com/th?id=OHR.TaughannockFalls_ZH-CN4580750386_1920x1080.webp&qlt=50,© Paul Massie Photography/Getty Images,杜鲁门斯堡的州立托格汉诺克瀑布公园，纽约州，美国
吃三文鱼自助餐的时间到了,https://www.bing.com/th?id=OHR.GrizzlyFalls_ZH-CN5152476563_1920x1080.webp&qlt=50,© oksana.perkins/Shutterstock,灰熊在卡特迈国家公园布鲁克斯瀑布捕捞鲑鱼，阿拉斯加州，美国
贝壳庇护所,https://www.bing.com/th?id=OHR.OctoClam_ZH-CN5427646548_1920x1080.webp&qlt=50,© Alex Mustard/Minden Pictures,巨型蛤壳中的条纹蛸，苏拉威西海，印度尼西亚
古老的事故，古代的艺术,https://www.bing.com/th?id=OHR.FremontPetroglyph_ZH-CN5736573545_1920x1080.webp&qlt=50,© Dan Leeth/Alamy,弗里蒙特岩画，恐龙国家纪念碑，詹森，犹他州，美国
高高的落基山脉,https://www.bing.com/th?id=OHR.SoprisSunrise_ZH-CN5935701155_1920x1080.webp&qlt=50,© Jason Hatfield/Tandem Stills + Motion,索普里斯山，科罗拉多州，美国
消失的回声,https://www.bing.com/th?id=OHR.JohnDayFossil_ZH-CN6265838332_1920x1080.webp&qlt=50,© Ben Herndon/Tandem Stills + Motion,约翰迪化石床国家纪念地中的彩绘山，俄勒冈州，美国
趁热打铁，勿失良机！,https://www.bing.com/th?id=OHR.IdahoBarn_ZH-CN6472682534_1920x1080.webp&qlt=50,© Terry Eggers/Getty Images,帕卢斯地区的老谷仓和油菜田，爱达荷州，美国
住在悬崖边的日子,https://www.bing.com/th?id=OHR.ViesteItaly_ZH-CN6693499674_1920x1080.webp&qlt=50,© Pilat666/Getty Images,加尔加诺半岛上的维埃斯特，阿普利亚，意大利
它燃烧，燃烧，燃烧,https://www.bing.com/th?id=OHR.RingEclipse_ZH-CN7063841581_1920x1080.webp&qlt=50,© Sorin Furcoi/Getty Images,"火环”日环食，多哈，卡特尔
该位置已被占领,https://www.bing.com/th?id=OHR.AutumnHedgehog_ZH-CN7309314630_1920x1080.webp&qlt=50,© Jules Cox/Minden Pictures,躲在树皮中欧洲刺猬，苏塞克斯，英国
确实令人着迷,https://www.bing.com/th?id=OHR.GoldenEnchantments_ZH-CN9686531344_1920x1080.webp&qlt=50,© Jim Patterson/Tandem Stills + Motion,金色落叶松和普鲁西克峰，魔力地带，华盛顿州，美国
赤血群岛的守护者,https://www.bing.com/th?id=OHR.GenoeseTower_ZH-CN0086623003_1920x1080.webp&qlt=50,© Jon Ingall/Alamy,帕拉塔塔，阿雅克肖,科西嘉岛,法国
西沃德的财富,https://www.bing.com/th?id=OHR.KodiakAlaska_ZH-CN0627619150_1920x1080.webp&qlt=50,© Ian Shive/Tandem Stills + Motion,科迪亚克国家野生动物保护区，科迪亚克岛，阿拉斯加州，美国
去而复返,https://www.bing.com/th?id=OHR.CastellyGwyntUK_ZH-CN1219668479_1920x1080.webp&qlt=50,© Alan Novelli/Alamy Stock Photo,Castell y Gwynt，格莱德法赫山，雪墩山国家公园，英国北威尔士
你想“挂”着玩吗？,https://www.bing.com/th?id=OHR.PygmySloth_ZH-CN4739853522_1920x1080.webp&qlt=50,© Suzi Eszterhas/Minden Pictures,俾格米三趾树懒宝宝，埃斯库多贝拉瓜斯岛，巴拿马
哇，真是松了一口气！,https://www.bing.com/th?id=OHR.PersepolisRelief_ZH-CN4910990690_1920x1080.webp&qlt=50,© Ozbalci/Getty Images,波斯古城波斯波利斯的浮雕，伊朗
一条用桁架架起来的公路,https://www.bing.com/th?id=OHR.AstoriaBridge_ZH-CN5052905610_1920x1080.webp&qlt=50,© Dan Mihai/Getty Images,哥伦比亚河上的阿斯托里亚-梅格勒大桥，阿斯托里亚区，俄勒冈州，美国
“迷”人之境,https://www.bing.com/th?id=OHR.PoconosMaze_ZH-CN4696904367_1920x1080.webp&qlt=50,© Alex Potemkin/Getty Images,塞勒斯堡的玉米迷宫，宾夕法尼亚州，美国
这片迷雾密布的树林里潜藏着什么?,https://www.bing.com/th?id=OHR.FuzerCastle_ZH-CN5485191349_1920x1080.webp&qlt=50,© ZGPhotography/Alamy,桑佩伦山上的菲泽尔城堡，匈牙利
秋天的一抹金色,https://www.bing.com/th?id=OHR.GrandStaircase_ZH-CN5928937512_1920x1080.webp&qlt=50,© Jeff Foott/Minden Pictures,大阶梯埃斯卡兰特国家纪念区中的棉白杨树，犹他州，美国
落叶爱好者的天堂,https://www.bing.com/th?id=OHR.ViennaAutumn_ZH-CN7011999199_1920x1080.webp&qlt=50,© rusm/Getty Images,美泉宫公园的秋叶，维也纳，奥地利
魔法之河深不见底,https://www.bing.com/th?id=OHR.OldBridgeSkye_ZH-CN7228411986_1920x1080.webp&qlt=50,© Aliaume Chapelle/Tandem Stills + Motion,斯利加坎老桥，苏格兰斯凯岛
西班牙骑士的“劲敌”,https://www.bing.com/th?id=OHR.FiveWinds_ZH-CN7503464049_1920x1080.webp&qlt=50,© Getty Images,卡斯蒂利亚-拉曼恰的风车，西班牙
黑衣美人,https://www.bing.com/th?id=OHR.AutumnRaven_ZH-CN7897841947_1920x1080.webp&qlt=50,© WildMedia/Shutterstock,普通乌鸦坐在树枝上
恶灵们只想玩个开心。,https://www.bing.com/th?id=OHR.HalloweenCuteAI_ZH-CN1079713117_1920x1080.webp&qlt=50,© Bing Image Creator,万圣节南瓜灯
你知道“阿尔萨斯之眼”吗？,https://www.bing.com/th?id=OHR.HautBarr_ZH-CN8274813404_1920x1080.webp&qlt=50,© Andrea Pistolesi/Getty Images,上巴尔城堡，阿尔萨斯，法国
这里，此生值得一去,https://www.bing.com/th?id=OHR.DeathValleySalt_ZH-CN8438207719_1920x1080.webp&qlt=50,© Jim Patterson/Tandem Stills + Motion,恶水盆地的盐滩，死亡谷国家公园，加利福尼亚州，美国
发光的花朵,https://www.bing.com/th?id=OHR.SeaNettles_ZH-CN1735729435_1920x1080.webp&qlt=50,© Jim Patterson/Tandem Stills + Motion,卡梅尔海岸的太平洋海荨麻水母，加利福尼亚，美国
为寒冷而生！,https://www.bing.com/th?id=OHR.BisonSnow_ZH-CN2483472629_1920x1080.webp&qlt=50,© Gary Gray/Getty Images,美洲野牛，黄石国家公园，怀俄明州，美国
宁静之地,https://www.bing.com/th?id=OHR.SilencioSpain_ZH-CN2955614478_1920x1080.webp&qlt=50,© Jean-Philippe Delobelle/Minden Pictures,石英岩地层，普拉亚德尔锡伦西奥，西班牙
照亮你忧郁的心,https://www.bing.com/th?id=OHR.LagoPehoe_ZH-CN3367356273_1920x1080.webp&qlt=50,© OST/Getty Images,佩霍湖，百内国家公园，智利南部
瞭望塔上，一睹奇景！,https://www.bing.com/th?id=OHR.KirkilaiTower_ZH-CN4058404632_1920x1080.webp&qlt=50,© MNStudio/Shutterstock,Kirkilai湖泊和瞭望塔，比尔扎伊地区公园，立陶宛
冬日里的壮丽美景,https://www.bing.com/th?id=OHR.LiDong2023_ZH-CN5089092069_1920x1080.webp&qlt=50,© Nantapon Pattamakijsakul/Getty Images,黄山的日落，安徽省，中国
秋天的影子,https://www.bing.com/th?id=OHR.NorwayBirch_ZH-CN5482311438_1920x1080.webp&qlt=50,© Baac3nes/Getty Images,秋天的白桦树，德拉门，挪威
还不错的荒地,https://www.bing.com/th?id=OHR.BadlandsSunrise_ZH-CN5906162228_1920x1080.webp&qlt=50,© Grant Ordelheide/Tandem Stills + Motion,恶地国家公园，南达科他州，美国
我所有的小鸭子们,https://www.bing.com/th?id=OHR.MallarDucks_ZH-CN7422818269_1920x1080.webp&qlt=50,© sun ok/Shutterstock,秋天池塘里的两只绿头鸭
从树上到餐桌之上,https://www.bing.com/th?id=OHR.OliveOrchard_ZH-CN8198989130_1920x1080.webp&qlt=50,© cinoby/Getty Images,特拉蒙塔纳山中的老橄榄园，马略卡岛，西班牙
让人又爱又恨的花田,https://www.bing.com/th?id=OHR.RussellLupines_ZH-CN8552113285_1920x1080.webp&qlt=50,© Jeffrey Lewis/Tandem Stills + Motion,特卡波湖沿岸的鲁冰花，南岛，新西兰
想象一下此处的回声,https://www.bing.com/th?id=OHR.SarekSweden_ZH-CN9728518595_1920x1080.webp&qlt=50,© Hans Strand/Getty Images,萨雷克国家公园的拉帕谷，瑞典
西方哲学的发源地,https://www.bing.com/th?id=OHR.AthensAcropolis_ZH-CN9942357439_1920x1080.webp&qlt=50,© Mlenny/Getty Images,雅典和卫城，希腊
该给靴子系上鞋带了！,https://www.bing.com/th?id=OHR.BadRiver_ZH-CN0416550169_1920x1080.webp&qlt=50,© Big Joe/Getty Images,铜瀑布州立公园的巴德河，威斯康星州，美国
谨慎行事！,https://www.bing.com/th?id=OHR.FrozenBog_ZH-CN0712859386_1920x1080.webp&qlt=50,© Sven Zacek/Minden Pictures,Alam-Pedja自然保护区，爱沙尼亚
童话城堡,https://www.bing.com/th?id=OHR.CastleCoch_ZH-CN0917284602_1920x1080.webp&qlt=50,© Billy Stock/robertharding/Alamy Stock Photo,科奇城堡，Tongwynlais，卡迪夫，威尔士，英国，欧洲
欢迎来到这个世界！,https://www.bing.com/th?id=OHR.HelloSeal_ZH-CN1064568368_1920x1080.webp&qlt=50,© Vince Burton/Minden Pictures,英国诺福克海滩上的灰海豹幼崽
人少景美的静谧之地,https://www.bing.com/th?id=OHR.SnakeRiverTeton_ZH-CN1213535303_1920x1080.webp&qlt=50,© Westend61/Getty Images,大提顿国家公园，怀俄明州，美国
从深海到天空,https://www.bing.com/th?id=OHR.TeideNational_ZH-CN1367200520_1920x1080.webp&qlt=50,© Javier Martínez Morán/Alamy,泰德国家公园的日落，特内里费岛，加那利群岛， 西班牙
不一样的热带雨林,https://www.bing.com/th?id=OHR.HallofMosses_ZH-CN1565129809_1920x1080.webp&qlt=50,© James Randklev/Getty Images,奥林匹克国家公园霍河雨林中的苔藓大厅 ，华盛顿州，美国
永恒之城托莱多,https://www.bing.com/th?id=OHR.TajoRiver_ZH-CN1752559204_1920x1080.webp&qlt=50,© Carlos Fernandez/Getty Images,托莱多，西班牙
谁踩到树枝了?,https://www.bing.com/th?id=OHR.BradgateFallow_ZH-CN1852334581_1920x1080.webp&qlt=50,© Chris Bainbridge/Alamy,布拉德盖特公园的小鹿，莱斯特郡，英国
冬日私语,https://www.bing.com/th?id=OHR.AssiniboineProvincialPark_ZH-CN2270275151_1920x1080.webp&qlt=50,© matt macpherson/500px/Getty Images,阿西尼博因山省级公园，加拿大
童话中的城堡,https://www.bing.com/th?id=OHR.SchwerinerSchloss_ZH-CN2390476345_1920x1080.webp&qlt=50,© Hannes Wendt/Shutterstock,什未林湖上的什未林城堡，梅克伦堡-前波美拉尼亚州，德国
守望的老人,https://www.bing.com/th?id=OHR.TrotternishStorr_ZH-CN2508882441_1920x1080.webp&qlt=50,© Juan Maria Coy Vergara/Getty Images,斯托尔，斯凯岛上展露的岩石尖峰，苏格兰，英国
为最酷的地方欢呼！,https://www.bing.com/th?id=OHR.IcebergAntarctica_ZH-CN2053356825_1920x1080.webp&qlt=50,© Michel Roggo/Minden Pictures,罗斯海的冰山，南极洲
永恒的瑰宝,https://www.bing.com/th?id=OHR.GwaliorFortMP_ZH-CN3300432281_1920x1080.webp&qlt=50,© Dmitry Rukhlenko-Photos of India/Alamy,瓜廖尔堡，中央邦，印度
机敏可爱的捕猎高手,https://www.bing.com/th?id=OHR.CheetahDay_ZH-CN5114530695_1920x1080.webp&qlt=50,© Scott Davis/Tandem Stills + Motion,一只猎豹妈妈和她的幼崽，马赛马拉国家保护区，肯尼亚
童话故事中的场景,https://www.bing.com/th?id=OHR.AlpsCastles_ZH-CN5078013932_1920x1080.webp&qlt=50,© Harald Nachtmann/Getty Images,天鹅堡和旧天鹅堡，巴伐利亚阿尔卑斯山，德国
穿过群山的蜿蜒小路,https://www.bing.com/th?id=OHR.DardagnaWaterfalls_ZH-CN5613123621_1920x1080.webp&qlt=50,© Alberto Ghizzi Panizza/Minden,达尔达尼亚瀑布，博洛尼亚，意大利
欧洲大峡谷,https://www.bing.com/th?id=OHR.GrandCanyonVerdon_ZH-CN6025902720_1920x1080.webp&qlt=50,© Hemis/Alamy,韦尔东峡谷的雾蒙蒙的早晨，普罗旺斯-阿尔卑斯-蓝色海岸大区，法国
不是那个泽西海岸!,https://www.bing.com/th?id=OHR.JerseyIsland_ZH-CN6224973235_1920x1080.webp&qlt=50,© Reinhard Schmid/Huber/eStock Photo,拉罗克港，圣克莱门特，泽西岛
出逃的美洲鸵,https://www.bing.com/th?id=OHR.PatagoniaGuanaco_ZH-CN6438038982_1920x1080.webp&qlt=50,© Yva Momatiuk and John Eastcott/Minden Pictures,原驼，冰川国家公园，阿根廷
一个让人沉思的地方,https://www.bing.com/th?id=OHR.LlanberisSnowdoniaSunset_ZH-CN6682238671_1920x1080.webp&qlt=50,© Joe Daniel Price/Getty Images,林帕达恩湖，斯诺登尼亚国家公园， 威尔士
想看看黄山的全貌吗？,https://www.bing.com/th?id=OHR.MountainDayChina_ZH-CN6894169616_1920x1080.webp&qlt=50,© Hung Chung Chih/Shutterstock,黄山的冬天，中国
把你的世界涂成红色,https://www.bing.com/th?id=OHR.Poinsettia_ZH-CN7255902344_1920x1080.webp&qlt=50,© Yarygin/Getty Images,一品红
小屋生活,https://www.bing.com/th?id=OHR.LofotenRorbu_ZH-CN7790383976_1920x1080.webp&qlt=50,© Roberto Moiola/Sysaworld/Getty Images,传统钓鱼小屋，斯沃尔韦尔，罗弗敦群岛，挪威
融为一体的猫头鹰,https://www.bing.com/th?id=OHR.BorealOwl_ZH-CN7957240111_1920x1080.webp&qlt=50,© Nick Saunders/Minden Pictures,北方猫头鹰，萨斯喀彻温省，加拿大
圣诞老人的乐园,https://www.bing.com/th?id=OHR.SantaPark_ZH-CN7444715899_1920x1080.webp&qlt=50,© lukutin77/Getty Images,罗瓦涅米的圣诞老人公园，拉普兰德，芬兰
令人愉悦的忧郁蓝,https://www.bing.com/th?id=OHR.GrandPlaceXmas_ZH-CN8299342316_1920x1080.webp&qlt=50,© Richard Taylor/Sime/eStock Photo,大广场，布鲁塞尔，比利时
有羽毛的时尚达人,https://www.bing.com/th?id=OHR.WinterWaxwings_ZH-CN9274297835_1920x1080.webp&qlt=50,© Jim Cumming/Shutterstock,波西米亚太平鸟栖息在树枝上，加拿大
山峦积雪,https://www.bing.com/th?id=OHR.CapitolReefSnow_ZH-CN0085775882_1920x1080.webp&qlt=50,© Jeff Clay/Tandem Stills + Motion,圆顶礁国家公园，犹他州，美国
圣诞老人的波兰休息站,https://www.bing.com/th?id=OHR.WarsawChristmas_ZH-CN0949732911_1920x1080.webp&qlt=50,© Panther Media GmbH/Alamy Stock Photo,城堡广场的圣诞树，华沙古城，波兰
多洛米蒂山之光,https://www.bing.com/th?id=OHR.ValGardenaItaly_ZH-CN2405437494_1920x1080.webp&qlt=50,© Ingus Kruklitis/Getty Images,圣诞节期间的瓦尔加迪纳山谷的村庄，多洛米蒂山，意大利
斯洛文尼亚式的节日氛围,https://www.bing.com/th?id=OHR.LjubljanaLights_ZH-CN3179297953_1920x1080.webp&qlt=50,© kasto80/Getty images,卢布尔雅那，斯洛文尼亚共和国
冬季仙境中的精灵,https://www.bing.com/th?id=OHR.WinterSolstice2023_ZH-CN4450201916_1920x1080.webp&qlt=50,© 500px Asia/Getty images,天鹅泉湿地公园，伊犁，新疆，中国
它们看起来有话要说,https://www.bing.com/th?id=OHR.FestivusPenguins_ZH-CN5191348531_1920x1080.webp&qlt=50,© Jan Vermeer/Minden Pictures,帽带企鹅，南桑威奇群岛，南大西洋
多么可爱的树枝啊！,https://www.bing.com/th?id=OHR.EstoniaXmasEve_ZH-CN5870799404_1920x1080.webp&qlt=50,© Westend61/Getty Images,市政厅广场，塔尔图，爱沙尼亚
圣诞快乐，亲爱的朋友们！,https://www.bing.com/th?id=OHR.CaribouChristmas_ZH-CN6264028572_1920x1080.webp&qlt=50,© Michael Quinton/Minden Pictures,驯鹿在雪中奔跑，阿拉斯加，美国
节礼日快乐,https://www.bing.com/th?id=OHR.BoxingDaySunrise_ZH-CN7431512686_1920x1080.webp&qlt=50,© George W Johnson/Getty Images,冬季日出，戴德姆，科尔切斯特，英格兰
冰与火之地,https://www.bing.com/th?id=OHR.KirkjufellAurora_ZH-CN7878752057_1920x1080.webp&qlt=50,© Ratnakorn Piyasirisorost/Getty Images,教堂山，斯奈山半岛，冰岛
跳出“濒危名单”,https://www.bing.com/th?id=OHR.GreenlandHumpback_ZH-CN8145852053_1920x1080.webp&qlt=50,© Paul Souders/DanitaDelimont.com,座头鲸，迪斯科湾，格陵兰
旧西街区的故事,https://www.bing.com/th?id=OHR.BlueAmsterdam_ZH-CN0483591394_1920x1080.webp&qlt=50,© George Pachantouris/Getty Images,旧西街区，阿姆斯特丹 ，荷兰
古石圈,https://www.bing.com/th?id=OHR.CastleriggStoneCircleUK_ZH-CN1174541384_1920x1080.webp&qlt=50,© John Finney Photography/Getty Images,卡塞里格石圈，湖区国家公园 ，坎布里亚，英国
新年伊始,https://www.bing.com/th?id=OHR.SleepingFox_ZH-CN2622967726_1920x1080.webp&qlt=50,© marco vancini/500px/Getty Images,睡在雪地里的赤狐，阿布鲁佐，意大利
百年城堡,https://www.bing.com/th?id=OHR.MehrangarhJodhpur_ZH-CN2855490711_1920x1080.webp&qlt=50,© Twenty47studio/Getty images,贾斯旺萨达陵墓和梅兰加尔古堡，焦特布尔，拉贾斯坦邦，印度
星光璀璨,https://www.bing.com/th?id=OHR.MinnewankaLake_ZH-CN3020982568_1920x1080.webp&qlt=50,© Ken Phung/500px/Getty Images,明尼汪卡湖，阿尔伯塔省，加拿大
雾锁金门,https://www.bing.com/th?id=OHR.GoldenGateLight_ZH-CN3874822904_1920x1080.webp&qlt=50,© Jim Patterson/Tandem Stills + Motion,金门大桥，旧金山，加利福尼亚州，美国
是现实还是童话？,https://www.bing.com/th?id=OHR.AlpsReflecting_ZH-CN4036320440_1920x1080.webp&qlt=50,© JFL Photography/Adobe Stock,巴伐利亚阿尔卑斯山脉，德国
薅一个苹果！,https://www.bing.com/th?id=OHR.CrabappleChaffinch_ZH-CN4458529756_1920x1080.webp&qlt=50,© Mark Hamblin/2020VISION/Minden Pictures,冬天，雄性苍头燕雀栖息在海棠果树上
大自然的平衡术,https://www.bing.com/th?id=OHR.DevilsMarbles_ZH-CN4897809914_1920x1080.webp&qlt=50,© Yva Momatiuk and John Eastcott/Minden Pictures,魔鬼大理石保护区，澳大利亚
瑞士的雪花漱漱落下,https://www.bing.com/th?id=OHR.BerninaPass_ZH-CN5776010452_1920x1080.webp&qlt=50,© Francesco Bergamaschi/Getty Images,贝尔尼纳山口的滑雪场，格劳宾登州，瑞士
乘着热气球向上飞,https://www.bing.com/th?id=OHR.BalloonDay_ZH-CN7571792218_1920x1080.webp&qlt=50,© Jennifer MacCornack/Shutterstock,格兰德河上空的热气球，阿尔伯克基，新墨西哥州，美国
迎接挑战！,https://www.bing.com/th?id=OHR.MilopotamosStairs_ZH-CN8013521384_1920x1080.webp&qlt=50,© Orestis Zoumpos/Amazing Aerial Agency,米罗伯塔莫斯海岸线上的楼梯，色萨利，希腊
长胡须的“流浪汉”,https://www.bing.com/th?id=OHR.LynxSnow_ZH-CN8908082275_1920x1080.webp&qlt=50,© Jan Stria/Shutterstock,雪中的欧亚猞猁
北汉山的花岗岩山峰,https://www.bing.com/th?id=OHR.BukhansanSeoul_ZH-CN8002920750_1920x1080.webp&qlt=50,© TRAVEL TAKE PHOTOS/Shutterstock,北汉山国立公园，韩国
放慢脚步，享受旅途！,https://www.bing.com/th?id=OHR.HanaHighway_ZH-CN8601588011_1920x1080.webp&qlt=50,© Matteo Colombo/Getty Images,哈纳之路，毛伊岛，夏威夷，美国
白色羽毛交响曲,https://www.bing.com/th?id=OHR.HokkaidoSwans_ZH-CN8733312972_1920x1080.webp&qlt=50,© Darrell Gulin/DanitaDelimont.com,屈斜路湖的天鹅，日本
在地球上还是在外星？,https://www.bing.com/th?id=OHR.IceChapel_ZH-CN9189733666_1920x1080.webp&qlt=50,© Christian Bäck/eStock Photo,瓦茨曼山脚下的冰教堂，巴伐利亚，德国
加拿大式的小憩和放松,https://www.bing.com/th?id=OHR.LakeLouise_ZH-CN9592539152_1920x1080.webp&qlt=50,© Mr. Simon Paul/Shutterstock,路易斯湖，班夫国家公园，阿尔伯塔省，加拿大
天气暖和了再叫醒我,https://www.bing.com/th?id=OHR.SleepyWolf_ZH-CN9870873990_1920x1080.webp&qlt=50,© Raimund Linke/Getty Images,巴伐利亚森林国家公园里睡觉的狼，德国
在飞马珀伽索斯的守望之下,https://www.bing.com/th?id=OHR.ParisBridge_ZH-CN0173421630_1920x1080.webp&qlt=50,© Sizun Eye/Getty Images,黄昏时分的亚历山大三世桥，巴黎，法国
瀑布变“冰瀑”,https://www.bing.com/th?id=OHR.PlitviceWinter_ZH-CN0407572344_1920x1080.webp&qlt=50,© Massimo_S8/Getty Images,十六湖国家公园，克罗地亚
冰雪极地的马可罗尼企鹅,https://www.bing.com/th?id=OHR.MacaroniPenguins_ZH-CN0600867997_1920x1080.webp&qlt=50,© Paul Souders/Getty Images,马可罗尼企鹅，德雷克海峡，智利
树梢上的故事,https://www.bing.com/th?id=OHR.SquirrelNetherlands_ZH-CN0757138587_1920x1080.webp&qlt=50,© Ernst Dirksen/Minden Pictures,欧亚红松鼠，荷兰
魔幻时刻,https://www.bing.com/th?id=OHR.SantaCruzSunrise_ZH-CN3074203377_1920x1080.webp&qlt=50,© Jeff Lewis/Tandem Stills + Motion,冬季日出，沃尔顿灯塔，圣克鲁斯， 加利福尼亚州, 美国
撒了一地的“钻石”,https://www.bing.com/th?id=OHR.IcelandBeach_ZH-CN1632329693_1920x1080.webp&qlt=50,© Rachid Dahnoun/Tandem Stills + Motion,钻石冰沙滩，冰岛
通往过去的入口,https://www.bing.com/th?id=OHR.DwynwensDay_ZH-CN1768649253_1920x1080.webp&qlt=50,© Photos by R A Kearton/Getty Images,圣德温教堂的废墟，莫纳岛，威尔士，英国
不是夜猫子,https://www.bing.com/th?id=OHR.HawkOwl_ZH-CN3401920167_1920x1080.webp&qlt=50,© Remo Savisaar/Alamy Stock Photo,北鹰鸮
巴西大自然中的异域之美,https://www.bing.com/th?id=OHR.ToucanetEmpoleirado_ZH-CN8520861326_1920x1080.webp&qlt=50,© aaprophoto/Getty Images,点嘴小巨嘴鸟，大西洋森林，巴西
从干涸的沙漠变成田园,https://www.bing.com/th?id=OHR.ChannelOutback_ZH-CN0579687777_1920x1080.webp&qlt=50,© Southern Lightscapes-Australia/Getty Images,昆士兰州内陆海峡地区，澳大利亚
缓缓下降,https://www.bing.com/th?id=OHR.GollingerFalls_ZH-CN1137680822_1920x1080.webp&qlt=50,© Frank Fischbach/Alamy Stock Photo,戈林格瀑布，泰嫩高，萨尔茨堡，奥地利
西班牙的小瑞士,https://www.bing.com/th?id=OHR.AlbaceteSpain_ZH-CN1597281896_1920x1080.webp&qlt=50,© Juan Maria Coy Vergara/Getty Images,艾纳， 塞古拉山脉, 阿尔瓦塞特, 西班牙
条纹造型,https://www.bing.com/th?id=OHR.ZebraMother_ZH-CN1947314869_1920x1080.webp&qlt=50,© Richard Du Toit/Minden Pictures,布氏斑马妈妈和小马驹，里特弗雷自然保护区，南非
发光的雪塔,https://www.bing.com/th?id=OHR.HalbinselJasmund_ZH-CN2110869056_1920x1080.webp&qlt=50,© Christian Back/eStock,吕根岛的萨斯尼茨灯塔，德国
菲尔会看到它的影子吗?,https://www.bing.com/th?id=OHR.AlpineMarmot_ZH-CN3818584615_1920x1080.webp&qlt=50,© Scacciamosche/Getty Images,从洞穴中探出头的土拨鼠
伪装的日子,https://www.bing.com/th?id=OHR.VeniceCarnival_ZH-CN4965898587_1920x1080.webp&qlt=50,© Rudy Balasko/Getty Images,大运河与安康圣母大教堂，威尼斯，意大利
雄伟的天然穹顶,https://www.bing.com/th?id=OHR.DevetashkaCave_ZH-CN5186222166_1920x1080.webp&qlt=50,© Jasmine_K/Shutterstock,德弗塔什卡洞， Devetaki村庄，保加利亚
唤醒沉睡的湖泊,https://www.bing.com/th?id=OHR.LakeBledSunrise_ZH-CN5580697031_1920x1080.webp&qlt=50,© Rasica/Getty Images,从奥索伊尼察观景点看日出时的布莱德湖，斯洛文尼亚
天然盆景,https://www.bing.com/th?id=OHR.LakeTahoeRock_ZH-CN5770740919_1920x1080.webp&qlt=50,© Jim Patterson/Tandem Stills + Motion,盆景岩，太浩湖，内华达州，美国
海浪中的避风港,https://www.bing.com/th?id=OHR.StJamesPool_ZH-CN5930624359_1920x1080.webp&qlt=50,© AmazingAerialAgency/Adobe,圣詹姆斯潮汐池，开普敦，南非
沉睡的巨人,https://www.bing.com/th?id=OHR.MtHoodOregon_ZH-CN6068357532_1920x1080.webp&qlt=50,© Inigo Cia/Getty Images,胡德山，俄勒冈州，美国
准备好庆祝了吗？,https://www.bing.com/th?id=OHR.ChineseNewYearEve2024_ZH-CN7153418405_1920x1080.webp&qlt=50,© Eastimages/Getty Images,灯光秀点亮夜幕中的西安城墙，中国春节
福起新岁，万事顺意,https://www.bing.com/th?id=OHR.SpringFestival2024_ZH-CN7514007541_1920x1080.webp&qlt=50,© SENEZ/Getty Images,中国舞狮，大年初一
地球上的极乐世界,https://www.bing.com/th?id=OHR.FolegandrosGreece_ZH-CN7803666477_1920x1080.webp&qlt=50,© Francesco Riccardo Iacomino/Getty Images,乔拉岛，福莱甘兹罗斯岛，基克拉泽斯群岛， 希腊
甜蜜的火山家园,https://www.bing.com/th?id=OHR.GiantTortoise_ZH-CN9220903689_1920x1080.webp&qlt=50,© Tui De Roy/Minden Pictures,阿尔塞多火山象龟， 伊莎贝拉岛, 加拉帕戈斯群岛，厄瓜多尔
及时行乐！,https://www.bing.com/th?id=OHR.MarignyBeads_ZH-CN9346804869_1920x1080.webp&qlt=50,© Erik Pronske Photography/Getty Images,马里尼的狂欢节彩珠，新奥尔良，美国
更好地在一起,https://www.bing.com/th?id=OHR.BowingCrane_ZH-CN0143761293_1920x1080.webp&qlt=50,© Steve Bloom Images/Alamy Stock Photo,丹顶鹤向伴侣鞠躬，北海道，日本
河马日快乐！,https://www.bing.com/th?id=OHR.HippopotamusDay_ZH-CN0518367336_1920x1080.webp&qlt=50,© Nature Picture Library/Alamy Stock Photo,河马妈妈和小河马，南卢安瓜国家公园，赞比亚
让每只鸟都有价值,https://www.bing.com/th?id=OHR.BackyardBird_ZH-CN0522695977_1920x1080.webp&qlt=50,© outtakes/Getty Images,一只雌性灰额主红雀栖息在德克萨斯州一株多刺仙人掌上，美国
自然奇景,https://www.bing.com/th?id=OHR.LakeDolomites_ZH-CN2317113886_1920x1080.webp&qlt=50,© Marco Bottigelli/Getty Images,多洛米蒂山的布莱耶斯湖，南蒂罗尔，意大利
来一口新鲜空气,https://www.bing.com/th?id=OHR.DominicaWhales_ZH-CN1293650397_1920x1080.webp&qlt=50,© Franco Banfi/Minden Pictures,抹香鲸浮出水面，多米尼克
一年四季都有鲜艳的色彩!,https://www.bing.com/th?id=OHR.CarnavalTenerife_ZH-CN1559136778_1920x1080.webp&qlt=50,© Marco Bottigelli/Getty Images,鸟瞰克鲁斯港色彩斑斓的房屋，特内里费岛，西班牙
一个供市民休闲娱乐的公园,https://www.bing.com/th?id=OHR.PeakDistrictNP_ZH-CN1987784653_1920x1080.webp&qlt=50,© john finney photography/Getty Images,Kinder Scout，峰区国家公园，英国
一个天然的矛盾体,https://www.bing.com/th?id=OHR.YosemiteFirefall_ZH-CN2236242565_1920x1080.webp&qlt=50,© Gregory B Cuvelier/Shutterstock,火瀑布，优胜美地国家公园，加利福尼亚州，美国
名副其实的“调色板盒子”,https://www.bing.com/th?id=OHR.BrightonBoxes_ZH-CN0947219018_1920x1080.webp&qlt=50,© Prasit photo/Getty Images,布莱顿海滩的彩虹小屋，墨尔本，维多利亚州，澳大利亚
老鹰起舞的地方,https://www.bing.com/th?id=OHR.HaghartsinMonastery_ZH-CN1705226096_1920x1080.webp&qlt=50,© Alexey Kharitonov/Shutterstock,Haghartsin修道院，迪利扬国家公园，亚美尼亚
点亮一盏明灯，愿您万事顺意！,https://www.bing.com/th?id=OHR.LaternFestival2024_ZH-CN8050981828_1920x1080.webp&qlt=50,© Philippe LEJEANVRE/Getty images,锦里街上悬挂的红色中国灯笼，成都，中国四川省
薄雾笼罩,https://www.bing.com/th?id=OHR.MtPrevostDuncan_ZH-CN2333619635_1920x1080.webp&qlt=50,© Kevin Oke/Alamy,考伊琴山谷的薄雾，温哥华岛，加拿大不列颠哥伦比亚省
在冰天雪地里玩耍,https://www.bing.com/th?id=OHR.PolarBearCubs_ZH-CN2913942257_1920x1080.webp&qlt=50,© Piriya Photography/Getty Images,玩耍的北极熊幼崽，卡克托维克，阿拉斯加州，美国
随波逐流,https://www.bing.com/th?id=OHR.BamburghCastleUK_ZH-CN3201531782_1920x1080.webp&qlt=50,© Blackbeck/Getty Images,班堡城堡，诺森伯兰郡，英格兰
多过一天,https://www.bing.com/th?id=OHR.LeapingSquirrel_ZH-CN9112090462_1920x1080.webp&qlt=50,© Westend61/Getty Images,欧亚红松鼠
蝶舞翩跹,https://www.bing.com/th?id=OHR.Schmetterlingswiese_ZH-CN3740804088_1920x1080.webp&qlt=50,© Albert Fertl/Getty Images,德国草地上的蝴蝶
西西里岛的风光,https://www.bing.com/th?id=OHR.ModicaItaly_ZH-CN3893147952_1920x1080.webp&qlt=50,© Sandro Bisaro/Getty Images,莫迪卡，西西里岛，意大利
一位浑身斑点的杂技演员,https://www.bing.com/th?id=OHR.KrugerLeopard_ZH-CN4125884091_1920x1080.webp&qlt=50,© Tonino De Marco/Minden Pictures,树上的豹子，克鲁格国家公园，南非
睡美人,https://www.bing.com/th?id=OHR.ArenalCostaRica_ZH-CN4466297855_1920x1080.webp&qlt=50,© Lukas Bischoff/Getty Images,从蒙特维多看到的阿雷纳尔火山，哥斯达黎加
陷入循环之中？,https://www.bing.com/th?id=OHR.BangkokCircle_ZH-CN4702412806_1920x1080.webp&qlt=50,© Avigator Fortuner/Shutterstock,曼谷的交通圈和高速公路，泰国
尽情地嬉戏玩水吧！,https://www.bing.com/th?id=OHR.WahclellaFalls_ZH-CN4932852217_1920x1080.webp&qlt=50,© Eric Vogt/Tandem Stills + Motion,Wahclella Falls，哥伦比亚河峡谷，俄勒冈州，美国
攀登新的高峰,https://www.bing.com/th?id=OHR.TarragonaSpain_ZH-CN5488361711_1920x1080.webp&qlt=50,© Sergi Boixader/Alamy Stock Photo,Roques de Benet，埃尔斯港自然公园，加泰罗尼亚，西班牙
世界新七大自然奇观之一,https://www.bing.com/th?id=OHR.IguazuFalls_ZH-CN4749837052_1920x1080.webp&qlt=50,© Nido Huebl/Shutterstock,伊瓜苏大瀑布鸟瞰图，巴西
因时间而改变,https://www.bing.com/th?id=OHR.BistiBlue_ZH-CN4991705833_1920x1080.webp&qlt=50,© Ian Shive/Tandem Stills + Motion,比斯第恶土，新墨西哥州，美国
是时候调整时间了,https://www.bing.com/th?id=OHR.BeaumontClock_ZH-CN5288086713_1920x1080.webp&qlt=50,© Richard T. Nowitz/Getty Images,圣哈辛托大厦的机械钟，博蒙特，美国德克萨斯州
醉人的山峦,https://www.bing.com/th?id=OHR.ProseccoItaly_ZH-CN6802010344_1920x1080.webp&qlt=50,© Richard T. Nowitz/Getty Images,Prosecco山丘，科内利亚诺和瓦尔多比亚德内，威内托大区，意大利
峡谷的守护者,https://www.bing.com/th?id=OHR.BryceSnow_ZH-CN7489999663_1920x1080.webp&qlt=50,© Jim Patterson/Tandem Stills + Motion,布莱斯峡谷国家公园，犹他州，美国
鸟瞰,https://www.bing.com/th?id=OHR.MagadiFlamingos_ZH-CN7888437841_1920x1080.webp&qlt=50,© Vicki Jauron, Babylon and Beyond Photography/Getty Images,小红鹳飞越马加迪湖，肯尼亚
一个π,https://www.bing.com/th?id=OHR.AyutthayaTree_ZH-CN8075870220_1920x1080.webp&qlt=50,© boonchai wedmakawand/Alamy Stock Photo,Wat Phra Ngam，大城府历史公园，泰国
一抹春色,https://www.bing.com/th?id=OHR.AnzaBorregoBloom_ZH-CN8284458835_1920x1080.webp&qlt=50,© Stephen Matera/Tandem Stills + Motion,安沙波利哥沙漠州立公园，美国加利福尼亚州
被竹子包围了,https://www.bing.com/th?id=OHR.BambooPanda_ZH-CN8455481760_1920x1080.webp&qlt=50,© Suzi Eszterhas/Minden Pictures,正在吃竹子的大熊猫，中国成都
今天，让我们穿绿衣裳吧！,https://www.bing.com/th?id=OHR.StFiniansBay_ZH-CN8655586052_1920x1080.webp&qlt=50,© Atlantide Phototravel/Getty Images,圣菲尼安湾，凯里郡，爱尔兰
温柔的“沙丘巨人”,https://www.bing.com/th?id=OHR.ElephantRock_ZH-CN9293300383_1920x1080.webp&qlt=50,© Lubo Ivanko/Shutterstock,大象岩，古城欧拉，沙特阿拉伯
春日私语,https://www.bing.com/th?id=OHR.AlmondBloom_ZH-CN9441550492_1920x1080.webp&qlt=50,© Jeffrey Lewis/Tandem Stills + Motion,盛开的扁桃树， 加利福尼亚州，美国
粉嫩的春日美景,https://www.bing.com/th?id=OHR.Springequinox2024_ZH-CN5647214924_1920x1080.webp&qlt=50,© outcast85/Getty images,鸟瞰春日盛开的樱花，中国
森林多美好呀！,https://www.bing.com/th?id=OHR.BwindiNationalForest_ZH-CN0436137473_1920x1080.webp&qlt=50,© Art Wolfe/DanitaDelimont.com,布恩迪国家公园，乌干达
我们在庆祝“水”？,https://www.bing.com/th?id=OHR.WaikatoWater_ZH-CN0417438809_1920x1080.webp&qlt=50,© Ian Beattie/Alamy Stock Photo,蓝泉，蒂怀霍步道，新西兰
造雾,https://www.bing.com/th?id=OHR.AmazonClouds_ZH-CN0578911147_1920x1080.webp&qlt=50,© NASA,巴西亚马逊上空巨大的砧状云
你能挪过去一点吗?,https://www.bing.com/th?id=OHR.WhiteEyes_ZH-CN1130380430_1920x1080.webp&qlt=50,© TigerSeo/Getty Images,樱花树枝上的灰胸绣眼鸟，韩国
潮汐探戈,https://www.bing.com/th?id=OHR.HangRaiVietnam_ZH-CN1601428109_1920x1080.webp&qlt=50,© Thang Tat Nguyen/Getty Images,海水从古老的珊瑚礁上倾泻而下，杭莱，越南
戏剧成为关注的焦点,https://www.bing.com/th?id=OHR.TeatroColon_ZH-CN5378730986_1920x1080.webp&qlt=50,© Wei Hao Ho/Alamy Stock Photo,布宜诺斯艾利斯哥伦布剧院，阿根廷
花香满径,https://www.bing.com/th?id=OHR.ShanghaiBlossoms_ZH-CN5594677517_1920x1080.webp&qlt=50,© Yaorusheng/Getty Images,上海的樱花，中国
潮涨潮落，灯火通明,https://www.bing.com/th?id=OHR.SouthStackLight_ZH-CN5932471774_1920x1080.webp&qlt=50,© mariotlr/Getty Images,日落时的南斯塔克灯塔，霍利希德，威尔士，英国
来自“颠倒世界”的问候,https://www.bing.com/th?id=OHR.SleepySloth_ZH-CN6084460583_1920x1080.webp&qlt=50,© Juan Carlos Vindas/Getty Images,睡在号角树上的褐喉树懒，哥斯达黎加
纯洁与优雅的象征,https://www.bing.com/th?id=OHR.ArdeAlba_ZH-CN6807697569_1920x1080.webp&qlt=50,© Geraldi Corsi/Getty Images,潘塔纳尔湿地的大白鹭，巴西
岌岌可危的冰川,https://www.bing.com/th?id=OHR.MontBlancGlacier_ZH-CN2918240023_1920x1080.webp&qlt=50,© Hagenmuller Jean-François/Hemis/Alamy,勃朗峰上的冰海，夏慕尼，法国
一缕阳光下的林地,https://www.bing.com/th?id=OHR.JutlandSpring_ZH-CN7785758539_1920x1080.webp&qlt=50,© Nick Brundle Photography/Getty Images,日德兰半岛的山毛榉树和野生海葵 ，丹麦
希望彩虹留在这里,https://www.bing.com/th?id=OHR.KyrgyzstanRainbow_ZH-CN8027219590_1920x1080.webp&qlt=50,© Emad aljumah/Getty Images,At-Bashy地区的彩虹，Kakshaal Too山脉，纳伦省，吉尔吉斯斯坦
沼泽地上的漫游者,https://www.bing.com/th?id=OHR.AntelopeBotswana_ZH-CN8253323519_1920x1080.webp&qlt=50,© Ibrahim Suha Derbent/Getty Images,红驴羚群穿越奥卡万戈三角洲的沼泽平原，博茨瓦纳
潜入碧海,https://www.bing.com/th?id=OHR.BahamasSpace_ZH-CN8053657656_1920x1080.webp&qlt=50,© NASA,从国际空间站拍摄的巴哈马群岛
皇家景观,https://www.bing.com/th?id=OHR.JapanHimeji_ZH-CN8344654166_1920x1080.webp&qlt=50,© Julian Elliott Photography/Getty Images,姬路城，姫路，兵库县，日本
看，我是树枝整理师！,https://www.bing.com/th?id=OHR.BeaverDenali_ZH-CN8736013851_1920x1080.webp&qlt=50,© Paul Souders/Getty Images,奇迹湖附近池塘里的北美海狸，德纳里国家公园，阿拉斯加州，美国
闻闻春天的气息,https://www.bing.com/th?id=OHR.HedgehogMeadow_ZH-CN8845586473_1920x1080.webp&qlt=50,© Oksana Schmidt/Getty Images,欧洲刺猬在长满蒲公英的花园里，巴特德里堡，德国
踮起脚尖，穿过郁金香,https://www.bing.com/th?id=OHR.SkagitValleyTulips_ZH-CN9034120306_1920x1080.webp&qlt=50,© Claudia Cooper/Getty Images,郁金香田，斯卡吉特山谷，华盛顿州，美国
猫头鹰在你身边！,https://www.bing.com/th?id=OHR.OwlSiblings_ZH-CN9441687518_1920x1080.webp&qlt=50,© Danita Delimont/Getty Images,洞穴附近的穴小鸮雏鸟，怀俄明州，美国
把梦想变成现实！,https://www.bing.com/th?id=OHR.DragonWaterfall_ZH-CN9580105565_1920x1080.webp&qlt=50,© AirPano LLC/Amazing Aerial Agency,丘伦梅鲁瀑布鸟瞰图，委内瑞拉
一座天然拱门,https://www.bing.com/th?id=OHR.SunsetArchesNP_ZH-CN9875945974_1920x1080.webp&qlt=50,© Anthony Heflin/Shutterstock,拱门国家公园，犹他州，美国
花开正满枝,https://www.bing.com/th?id=OHR.SpringApple_ZH-CN0101917345_1920x1080.webp&qlt=50,© Smileus/Getty Images,春天的苹果树，德国
岩石保龄球,https://www.bing.com/th?id=OHR.BowlingBallCali_ZH-CN0434558966_1920x1080.webp&qlt=50,© Melo Qiao/Getty Images,保龄球海滩的日落，门多西诺县，加利福尼亚，美国
介于文艺复兴与独创性之间,https://www.bing.com/th?id=OHR.ChambordCastle_ZH-CN0930093515_1920x1080.webp&qlt=50,© Susanne Kremer/eStock Photo,香波城堡，中央-卢瓦尔河谷大区，法国
灯光，相机，纽约！,https://www.bing.com/th?id=OHR.UnionSquareNYC_ZH-CN1533018653_1920x1080.webp&qlt=50,© Sean Pavone/Getty Images,暮色中的曼哈顿下城联合广场，纽约，美国
我是不是睡得太久了？,https://www.bing.com/th?id=OHR.SpringCub_ZH-CN1643833378_1920x1080.webp&qlt=50,© Scott Suriano/Getty Images,春天的美洲黑熊幼崽，仙纳度国家公园，弗吉尼亚州，美国
名誉之墙,https://www.bing.com/th?id=OHR.AvilaSpain_ZH-CN1792280503_1920x1080.webp&qlt=50,© Scott Suriano/Getty Images,中世纪城墙，阿维拉，西班牙
历史的轮回,https://www.bing.com/th?id=OHR.OrkneyStones_ZH-CN2287350110_1920x1080.webp&qlt=50,© Paul Williams - FunkyStock/Getty Images,布罗德加环，奥克尼岛，苏格兰
保存，保护，享受！,https://www.bing.com/th?id=OHR.YellowstoneGeyser_ZH-CN3441008468_1920x1080.webp&qlt=50,© XIN WANG/Getty Images,日出时分的大棱镜泉，美国怀俄明州黄石国家公园
未选择的路,https://www.bing.com/th?id=OHR.CadesCove_ZH-CN3950297181_1920x1080.webp&qlt=50,© Richard Bernabe/Shutterstock,Cades Cove ，大雾山国家公园，田纳西州，美国
我们在庆祝什么?,https://www.bing.com/th?id=OHR.EarthDayTurtle_ZH-CN4642042701_1920x1080.webp&qlt=50,© Ralph Pace/Minden Pictures,绿海龟，圣地亚哥，加利福尼亚，美国
预订已满！,https://www.bing.com/th?id=OHR.TrinityDublin_ZH-CN7902993255_1920x1080.webp&qlt=50,© Lukas Bischoff/Getty Images,三一学院图书馆，都柏林，爱尔兰
嘿，今天长势如何？,https://www.bing.com/th?id=OHR.TrilliumOntario_ZH-CN8327395975_1920x1080.webp&qlt=50,© Jun Zhang/Getty Images,盛开的白延龄草，安大略省，加拿大
很高兴在这里见到你们！,https://www.bing.com/th?id=OHR.PenguinDirections_ZH-CN8498684753_1920x1080.webp&qlt=50,© Patrick J. Endres/Getty Images,南极洲冰山上的阿德利企鹅
这棵树是个快乐的家伙！,https://www.bing.com/th?id=OHR.KalalochTree_ZH-CN9427839259_1920x1080.webp&qlt=50,© Abbie Warnock-Matthews/Shutterstock,卡拉洛奇树，又名生命之树，卡拉洛奇海滩，奥林匹克国家公园，华盛顿州，美国
观鸟的时间到了！,https://www.bing.com/th?id=OHR.LeucisticHummingbird_ZH-CN2921653789_1920x1080.webp&qlt=50,© yhelfman/Getty Images,澳大利亚花园里的白种安氏蜂鸟，加州大学圣克鲁兹分校植物园，加利福尼亚州，美国
去公园走走吧！,https://www.bing.com/th?id=OHR.GuadalupeTexas_ZH-CN3911419948_1920x1080.webp&qlt=50,© Adam Mowery/Tandem Stills + Motion,瓜达卢佩山脉国家公园日出时的埃尔卡皮坦山，德克萨斯州，美国
被保存得很好的古建筑,https://www.bing.com/th?id=OHR.TulouFujian_ZH-CN4287018074_1920x1080.webp&qlt=50,© Hongjie Han/Getty Images,福建土楼，福建省历史文化遗产建筑，中国
“草原大喵”的完美速度,https://www.bing.com/th?id=OHR.CheetahRain_ZH-CN6722375507_1920x1080.webp&qlt=50,© Paul Souders/Getty Images,清晨雨中的猎豹，恩杜图平原，恩戈罗恩戈罗保护区，坦桑尼亚
夏威夷的花环节,https://www.bing.com/th?id=OHR.HawaiianLei_ZH-CN7857272499_1920x1080.webp&qlt=50,© Jotika Pun/Shutterstock,夏威夷花环
“月球一日游”,https://www.bing.com/th?id=OHR.CratersOfTheMoon_ZH-CN8971565042_1920x1080.webp&qlt=50,© Alan Majchrowicz/Getty Images,蓝龙熔岩流，月球陨石坑国家纪念碑和保护区，爱达荷州，美国
最热的地方也有凉爽之处,https://www.bing.com/th?id=OHR.SonoranSpring_ZH-CN9246678734_1920x1080.webp&qlt=50,© Charles Harker/Getty Images,春天盛开的沙漠毒菊，索诺拉沙漠，亚利桑那州
愿原力与你同在！,https://www.bing.com/th?id=OHR.JediMonastery_ZH-CN0091557941_1920x1080.webp&qlt=50,© MNStudio/Getty Images,斯凯利格·迈克尔岛上一座古老修道院的废墟，爱尔兰
为墨西哥干杯!,https://www.bing.com/th?id=OHR.SanMiguelAllende_ZH-CN1840507091_1920x1080.webp&qlt=50,© Mint Images/Getty Images,圣米格尔德阿连德的柱廊，瓜那华托州，墨西哥
峰区一瞥,https://www.bing.com/th?id=OHR.TheRoachesPeakDistrict_ZH-CN2657532467_1920x1080.webp&qlt=50,© George W Johnson/Getty Images,罗奇斯山脊，英格兰峰区
水影里的小黄鸭,https://www.bing.com/th?id=OHR.LittleDuckling_ZH-CN2922471258_1920x1080.webp&qlt=50,© Nick Hurst/Getty Images,一只小鸭子在水草地上游泳，萨福克郡，英国
海港景色,https://www.bing.com/th?id=OHR.PortMarseille_ZH-CN3194394496_1920x1080.webp&qlt=50,© Sergii Figurnyi/Alamy,伊夫堡，马赛，法国
恣意绽放的郁金香,https://www.bing.com/th?id=OHR.EmirganPark_ZH-CN3394557999_1920x1080.webp&qlt=50,© Ozbalci/Getty Images,埃米尔甘公园的郁金香，伊斯坦布尔，土耳其
岛屿在召唤！,https://www.bing.com/th?id=OHR.MisoolRajaAmpat_ZH-CN3557473032_1920x1080.webp&qlt=50,© Giordano Cipriani/Getty Images,米苏尔岛，拉贾安帕群岛，印度尼西亚
小蓝鸟一路顺风,https://www.bing.com/th?id=OHR.TexasIndigoBunting_ZH-CN3699392300_1920x1080.webp&qlt=50,© Jeff R Clow/Getty Images,树枝上栖息的靛蓝彩鹀，德克萨斯州
放牧和饲养,https://www.bing.com/th?id=OHR.GuanacoMother_ZH-CN3856540256_1920x1080.webp&qlt=50,© Gabriel Rojo/Minden Pictures,潘帕省草原上的雌性原驼和它新出生的宝宝，阿根廷
鱼眼视角,https://www.bing.com/th?id=OHR.NamibiaCanyon_ZH-CN3973338246_1920x1080.webp&qlt=50,© R. M. Nunes/Getty Images,鱼河大峡谷，纳米比亚
“深渊”探险,https://www.bing.com/th?id=OHR.CarlsbadNP_ZH-CN4136753542_1920x1080.webp&qlt=50,© Doug Meek/Getty Images,通往大房间的走道，卡尔斯巴德洞穴国家公园，新墨西哥州
迷失在蓝色的美丽国度,https://www.bing.com/th?id=OHR.BlueCityIndia_ZH-CN4275229255_1920x1080.webp&qlt=50,© cinoby/Getty Images,焦特布尔蓝色之城，印度
这片水域里有很多故事！,https://www.bing.com/th?id=OHR.ReconquistaVigo_ZH-CN4619580424_1920x1080.webp&qlt=50,© Julio Conde/Getty Images,维戈的兰德大桥，西班牙
今天不是无关紧要的一天,https://www.bing.com/th?id=OHR.TarangireElephants_ZH-CN5447385839_1920x1080.webp&qlt=50,© Vicki Jauron, Babylon and Beyond Photography/Getty Images,塔兰吉雷国家公园的非洲象家族，坦桑尼亚
流浪者未必都是迷路人,https://www.bing.com/th?id=OHR.PacificRimNationalPark_ZH-CN5809123424_1920x1080.webp&qlt=50,© Ron Watts/Design Pics/Getty Images,破碎群岛，环太平洋国家公园保护区，不列颠哥伦比亚省温哥华岛，加拿大
历史与大海的交汇处,https://www.bing.com/th?id=OHR.VernazzaItaly_ZH-CN6245826569_1920x1080.webp&qlt=50,© Roberto Moiola/Sysaworld/Getty Images,韦尔纳扎村，五渔村，利古里亚，意大利
我简直不敢相信！,https://www.bing.com/th?id=OHR.HoneycombBee_ZH-CN6572760814_1920x1080.webp&qlt=50,© Simun Ascic/Alamy Stock Photo,蜜蜂照料蜂巢
充满茶香的一天,https://www.bing.com/th?id=OHR.MalaysiaTea_ZH-CN6758939415_1920x1080.webp&qlt=50,© alex cheong/Getty Images,卡梅隆高地茶园，马拉西亚
深入了解生物多样性,https://www.bing.com/th?id=OHR.SnowGumTasmania_ZH-CN6975160884_1920x1080.webp&qlt=50,© Ignacio Palacios/Getty Images,塔斯马尼亚高山黄桉（假少花桉），费尔德山国家公园，塔斯马尼亚州，澳大利亚
寻找一个“庇护所”,https://www.bing.com/th?id=OHR.IndianStarTortoise_ZH-CN7177478610_1920x1080.webp&qlt=50,© Robin Chittenden/Minden Pictures,印度星龟，斯里兰卡
一路到顶峰,https://www.bing.com/th?id=OHR.OrdesaNationalPark_ZH-CN8545620273_1920x1080.webp&qlt=50,© Marisa Estivill/Shutterstock,阿尼斯克洛峡谷，奥德萨和佩尔迪多山国家公园，韦斯卡，西班牙
沙丘守护者,https://www.bing.com/th?id=OHR.MoroccoBenhaddou_ZH-CN8742267428_1920x1080.webp&qlt=50,© Grant Faint/Getty Images,阿伊特本哈杜，摩洛哥
野性与自由,https://www.bing.com/th?id=OHR.MethowWildflowers_ZH-CN8926661958_1920x1080.webp&qlt=50,© Alan Majchrowicz/Getty Images,香根和羽扇豆，梅索谷，北喀斯喀特，华盛顿州，美国
我们去乘船吧！,https://www.bing.com/th?id=OHR.SestriLevante_ZH-CN9286254645_1920x1080.webp&qlt=50,© StevanZZ/Getty Images,塞斯特里莱万特的沉默湾，利古里亚大区，意大利
屹立于世界之巅,https://www.bing.com/th?id=OHR.MeteoraMonastery_ZH-CN9551991708_1920x1080.webp&qlt=50,© Marius Roman/Getty Images,罗萨诺修道院，迈泰奥拉，色萨利 ，希腊
水獭在看什么？,https://www.bing.com/th?id=OHR.MullOtter_ZH-CN9691813587_1920x1080.webp&qlt=50,© Neil Henderson/Alamy Stock Photo,青春期的欧洲水獭，斯佩尔维湖，苏格兰姆尔斯岛
欢迎来到大沼泽地,https://www.bing.com/th?id=OHR.Everglades90th_ZH-CN9853372570_1920x1080.webp&qlt=50,© Jonathan Gewirtz/Tandem Stills + Motion,一片斜纹松和锯齿草大沼泽地国家公园，佛罗里达州，美国
绿意盎然的宜人之地,https://www.bing.com/th?id=OHR.YorkshireDalesNP_ZH-CN0775378262_1920x1080.webp&qlt=50,© Derek Croucher/Alamy Stock Photo,冈纳塞德，斯韦尔代尔，约克郡谷地国家公园，英格兰
带你游花园,https://www.bing.com/th?id=OHR.CancaoDoExilio_ZH-CN1012675104_1920x1080.webp&qlt=50,© Marcia Silva de Mendonca/Getty Images,帝王棕榈树，里约热内卢植物园，巴西
黑夜中的一盏明灯,https://www.bing.com/th?id=OHR.MenRuz_ZH-CN2021725181_1920x1080.webp&qlt=50,© Christian Handl/Getty Images,普卢马纳克的灯塔，阿摩尔滨海省，法国
一起骑车去兜风吧,https://www.bing.com/th?id=OHR.CopenhagenBicycles_ZH-CN3047958346_1920x1080.webp&qlt=50,© Alphotographic/Getty Images,哥本哈根的自行车，丹麦
物以类聚,https://www.bing.com/th?id=OHR.ChestnutBeeEater_ZH-CN3514753872_1920x1080.webp&qlt=50,© PACO COMO/Shutterstock,黑胸蜂虎，巴迪亚国家公园，尼泊尔
世界环境日快乐！,https://www.bing.com/th?id=OHR.MadagascarRiver_ZH-CN3842472014_1920x1080.webp&qlt=50,© Dennis van de Water/Shutterstock,马达加斯加的马苏阿拉国家公园
有趣的野生动物!,https://www.bing.com/th?id=OHR.CamargueFlamingos_ZH-CN4176922228_1920x1080.webp&qlt=50,© Yann Guichaoua-Photos/Getty Images,蓬德高鸟类公园的大红鹳，卡玛格，法国
希望的浪潮,https://www.bing.com/th?id=OHR.HumpbackFamily_ZH-CN4336100531_1920x1080.webp&qlt=50,© Jude Newkirk/Amazing Aerial Agency,座头鲸家族，荷兰港，阿拉斯加州
河流的交汇,https://www.bing.com/th?id=OHR.KillikRiverAlaska_ZH-CN5736211272_1920x1080.webp&qlt=50,© Patrick J. Endres/Getty Images,复活节溪和基利克河的交汇处，北极之门国家公园，阿拉斯加州，美国
令人窒息的寂静,https://www.bing.com/th?id=OHR.BardenasBiosphere_ZH-CN6198033700_1920x1080.webp&qlt=50,© Aliaume Chapelle/Tandem Stills + Motion,巴尔德纳斯雷亚尔斯自然公园，巴德纳斯，纳瓦拉，西班牙
比赛将在这里开始！,https://www.bing.com/th?id=OHR.DragonBoatFestival2024_ZH-CN6619827853_1920x1080.webp&qlt=50,© outcast85/Getty images,龙舟池日出，集美区，厦门，中国
这些羚羊是真正的珍宝,https://www.bing.com/th?id=OHR.GemsbokBotswana_ZH-CN7507199339_1920x1080.webp&qlt=50,© Karine Aigner/Tandem Stills + Motion,热带稀树草原上的南非剑羚，博茨瓦纳大草原
星光盛宴,https://www.bing.com/th?id=OHR.BigBendMilkyWay_ZH-CN7709015605_1920x1080.webp&qlt=50,© wisanuboonrawd/Adobe Stock,大弯国家公园上空的银河，得克萨斯州，美国
瓷砖的故事,https://www.bing.com/th?id=OHR.RegistanUzbekistan_ZH-CN7850329702_1920x1080.webp&qlt=50,© da-kuk/Getty Images,雷吉斯坦广场的外立面马赛克，撒马尔罕，乌兹别克斯坦撒
孤独，但不寂寞,https://www.bing.com/th?id=OHR.PeggysCove_ZH-CN4221190894_1920x1080.webp&qlt=50,© Pugalenthi/Getty Images,佩姬湾灯塔，新斯科舍省，加拿大
有志者事竟成,https://www.bing.com/th?id=OHR.NazareWave_ZH-CN4575182192_1920x1080.webp&qlt=50,© Rui Caria/Getty Images,在纳扎雷冲浪的冲浪者，葡萄牙
传播花粉,https://www.bing.com/th?id=OHR.HummingThistle_ZH-CN5057539905_1920x1080.webp&qlt=50,© adrian hepworth/Alamy Stock Photo,绿顶辉蜂鸟与巨型蓟，穆埃尔特山，哥斯达黎加
鲁冰花盛放的夏季,https://www.bing.com/th?id=OHR.LupinIceland_ZH-CN5329147708_1920x1080.webp&qlt=50,© Matteo Colombo/Getty Images,日出时的羽扇豆田和教堂，斯奈山半岛，冰岛
一座历史古迹,https://www.bing.com/th?id=OHR.CuxhavenTower_ZH-CN5580118944_1920x1080.webp&qlt=50,© Andreas Vogel/Alamy,库克斯港的水塔，德国
夏天的脚步近了,https://www.bing.com/th?id=OHR.KokinoMacedonia_ZH-CN6029529601_1920x1080.webp&qlt=50,© stoimilov/Shutterstock,科基诺，古代巨石观测站，北马其顿
清凉的湖水,https://www.bing.com/th?id=OHR.SummerSolstice2024_ZH-CN6141918663_1920x1080.webp&qlt=50,© Haitong Yu/Getty images,蓝色水面上的渔船航拍图，郴州市，湖南省，中国
迷失在迷雾之中,https://www.bing.com/th?id=OHR.BrazilRainforest_ZH-CN6432366530_1920x1080.webp&qlt=50,© Claus Meyer/plainpicture,亚马逊雨林，巴西
漆黑的夜晚，城市的灯光,https://www.bing.com/th?id=OHR.DhakaBangladesh_ZH-CN6777866162_1920x1080.webp&qlt=50,© Azim Khan Ronnie/Amazing Aerial Agency,达卡环形交叉路口的鸟瞰图，孟加拉国
让人心旷神怡的美景,https://www.bing.com/th?id=OHR.FloresIsland_ZH-CN6930246149_1920x1080.webp&qlt=50,© Shane P. White/Minden Pictures,克里穆图的火山口湖，弗洛勒斯岛，印度尼西亚
拍出炫酷照片的好地方,https://www.bing.com/th?id=OHR.FireWave_ZH-CN7110736577_1920x1080.webp&qlt=50,© Clint Losee/Tandem Stills + Motion,火浪岩层，火焰谷州立公园，内华达州，美国
美丽的条纹小鱼！,https://www.bing.com/th?id=OHR.CardinalfishAnemone_ZH-CN7249037417_1920x1080.webp&qlt=50,© Constantinos Petrinos/NPL/Minden Pictures,考氏鳍竺鲷与海葵，蓝碧海峡，北苏拉威西，印度尼西亚
“甜蜜的”穹顶,https://www.bing.com/th?id=OHR.FlorenceDuomo_ZH-CN7379412586_1920x1080.webp&qlt=50,© Elena Pueyo/Getty Images,黄昏时分的圣母百花大教堂，佛罗伦萨，意大利
只见树木，不见森林,https://www.bing.com/th?id=OHR.NienhagenMecklenburg_ZH-CN4482269700_1920x1080.webp&qlt=50,© Martin Ruegner/Getty Images,宁哈根的山毛榉林，梅克伦堡-前波美拉尼亚州，德国
你不会忘记它的！,https://www.bing.com/th?id=OHR.UbudBali_ZH-CN4891348277_1920x1080.webp&qlt=50,© R. Schönebaum/plainpicture,乌布寺庙的石雕，巴厘岛,印度尼西亚
为加拿大干杯,https://www.bing.com/th?id=OHR.FisgardLighthouse_ZH-CN5474064913_1920x1080.webp&qlt=50,© davemantel/Getty Images,菲斯加德灯塔，埃斯奎莫尔特港，科尔伍德，不列颠哥伦比亚省，加拿大
昔日城市的“灵魂”,https://www.bing.com/th?id=OHR.ItalicaRuins_ZH-CN5932138207_1920x1080.webp&qlt=50,© Moses Palermo/Amazing Aerial Agency,意大利卡，桑蒂蓬塞的一座古罗马城市，塞维利亚，安达卢西亚，西班牙
等等，谁在那儿？,https://www.bing.com/th?id=OHR.MeerkatManor_ZH-CN2486051161_1920x1080.webp&qlt=50,© anetapics/Shutterstock,猫鼬家族
风景如画的白色小镇,https://www.bing.com/th?id=OHR.ZaharaDeLaSierra_ZH-CN6500182265_1920x1080.webp&qlt=50,© Francesco Carovillano/eStock Photo,扎哈拉德拉谢拉，安达卢西亚，西班牙
邂逅美丽海岸线,https://www.bing.com/th?id=OHR.NoahBeach_ZH-CN6676061324_1920x1080.webp&qlt=50,© bjeayes/Getty Images,丹翠雨林的诺亚海滩，昆士兰州，澳大利亚
让我们扬帆起航！,https://www.bing.com/th?id=OHR.ConwyRiver_ZH-CN6871799250_1920x1080.webp&qlt=50,© David Chapman/Alamy Stock Photo,从康威河眺望康威城堡，威尔士
阳光下的梯田,https://www.bing.com/th?id=OHR.YenBaiTerraces_ZH-CN7224453501_1920x1080.webp&qlt=50,© Kiatanan Sugsompian/Getty Images,越南安沛省木仓寨的水稻梯田
一剂抗氧化剂,https://www.bing.com/th?id=OHR.NorwayBlueberries_ZH-CN7643097235_1920x1080.webp&qlt=50,© Baac3nes/Getty Images,野生蓝莓
千仞高壁,https://www.bing.com/th?id=OHR.TalampayaNP_ZH-CN7905859626_1920x1080.webp&qlt=50,© Gonzalo Azumendi/Getty Images,阿根廷拉里奥哈省塔兰帕亚国家公园
感恩的巨嘴鸟,https://www.bing.com/th?id=OHR.CollaredAracari_ZH-CN8787234462_1920x1080.webp&qlt=50,© Juan Carlos Vindas/Getty Images,领簇舌巨嘴鸟，哥斯达黎加
你是81亿人口中的一员,https://www.bing.com/th?id=OHR.GangiSicily_ZH-CN9086944081_1920x1080.webp&qlt=50,© Andrea Caruso/Amazing Aerial Agency,甘吉，西西里岛，意大利
风雨无阻,https://www.bing.com/th?id=OHR.RainierWildflowers_ZH-CN7392242353_1920x1080.webp&qlt=50,© RomanKhomlyak/Getty Images,雷尼尔山国家公园的野花，华盛顿州，美国
快看，这是沉积岩哦,https://www.bing.com/th?id=OHR.CappadociaRocks_ZH-CN9283633861_1920x1080.webp&qlt=50,© Storm Is Me/Shutterstock,卡帕多西亚的童话烟囱和窑洞，土耳其
